mean,median,stddev,min,max,ci95_lower,ci95_upper,executable,buildTimeMs,RepetitionCount,CleanBuild,StepCount,Reference,IOA,JVM,JS,Native,IoaKinds,CollectionTimestamp,GitCommitHash,GitBranch,OS,OSArchitecture,OSRelease,DeviceManufacturer,DeviceModel,IsVirtualMachine,HyperVEnabled,CPU,CPUCores,CPULogicalProcessors,CPUMaxClockSpeedMHz,TotalRAMGB,AvailableRAMGB,DiskSizeGB,SystemDriveFreeSpaceGB,SystemUptimeHours,TimeZone,Username,JavaVersion,JavaDistribution,NodeVersion,PythonVersion,GradleVersion,KotlinVersion,RunningProcessCount
139603.94,140175.5,3843.1042374622107,130728.0,147309.0,138538.68585369043,140669.19414630957,commonmain_plain_jar,893.9138969981286,50,True,500,True,True,True,True,True,"['None', 'TryFinally', 'TimeClock', 'TimeMonotonicFunction', 'TimeMonotonicFunctionInWholeMilliseconds', 'TimeMonotonicFunctionInWholeMicroseconds', 'TimeMonotonicFunctionInWholeNanoseconds', 'TimeMonotonicGlobal', 'TimeMonotonicGlobalInWholeMilliseconds', 'TimeMonotonicGlobalInWholeMicroseconds', 'TimeMonotonicGlobalInWholeNanoseconds', 'IncrementIntCounter', 'IncrementAtomicIntCounter', 'RandomValue', 'StandardOut', 'AppendToStringBuilder', 'FileEagerFlush', 'FileLazyFlush', 'AddToList', 'AddDuplicatesToSet', 'AddUniqueToSet']",2026-04-09T12:24:26.002361,56b0d38c33758a366556822ef74eab35c62fc879,BSC_IOA,Linux,x86_64,6.17.0-14-generic,Dell Inc.,Precision 5690,False,False,Intel(R) Core(TM) Ultra 7 165H,16,22,4227.272727272727,62.25,52.77,1003.74,836.64,147.12,CEST,local_lianhoerschlaeger,21.0.10,OpenJDK,v22.14.0,Python 3.12.3,9.0.0,2.2.0,459
204534.94,206280.0,29283.83847261496,119814.0,251574.0,196417.87410084225,212652.00589915775,commonmain_plain_node,924.2601579971961,50,True,500,True,True,True,True,True,"['None', 'TryFinally', 'TimeClock', 'TimeMonotonicFunction', 'TimeMonotonicFunctionInWholeMilliseconds', 'TimeMonotonicFunctionInWholeMicroseconds', 'TimeMonotonicFunctionInWholeNanoseconds', 'TimeMonotonicGlobal', 'TimeMonotonicGlobalInWholeMilliseconds', 'TimeMonotonicGlobalInWholeMicroseconds', 'TimeMonotonicGlobalInWholeNanoseconds', 'IncrementIntCounter', 'IncrementAtomicIntCounter', 'RandomValue', 'StandardOut', 'AppendToStringBuilder', 'FileEagerFlush', 'FileLazyFlush', 'AddToList', 'AddDuplicatesToSet', 'AddUniqueToSet']",2026-04-09T12:24:26.002361,56b0d38c33758a366556822ef74eab35c62fc879,BSC_IOA,Linux,x86_64,6.17.0-14-generic,Dell Inc.,Precision 5690,False,False,Intel(R) Core(TM) Ultra 7 165H,16,22,4227.272727272727,62.25,52.77,1003.74,836.64,147.12,CEST,local_lianhoerschlaeger,21.0.10,OpenJDK,v22.14.0,Python 3.12.3,9.0.0,2.2.0,459
128729.58,127859.0,5123.116665763177,114028.0,146730.0,127309.52451021298,130149.63548978702,commonmain_plain_native,942.6268560018798,50,True,500,True,True,True,True,True,"['None', 'TryFinally', 'TimeClock', 'TimeMonotonicFunction', 'TimeMonotonicFunctionInWholeMilliseconds', 'TimeMonotonicFunctionInWholeMicroseconds', 'TimeMonotonicFunctionInWholeNanoseconds', 'TimeMonotonicGlobal', 'TimeMonotonicGlobalInWholeMilliseconds', 'TimeMonotonicGlobalInWholeMicroseconds', 'TimeMonotonicGlobalInWholeNanoseconds', 'IncrementIntCounter', 'IncrementAtomicIntCounter', 'RandomValue', 'StandardOut', 'AppendToStringBuilder', 'FileEagerFlush', 'FileLazyFlush', 'AddToList', 'AddDuplicatesToSet', 'AddUniqueToSet']",2026-04-09T12:24:26.002361,56b0d38c33758a366556822ef74eab35c62fc879,BSC_IOA,Linux,x86_64,6.17.0-14-generic,Dell Inc.,Precision 5690,False,False,Intel(R) Core(TM) Ultra 7 165H,16,22,4227.272727272727,62.25,52.77,1003.74,836.64,147.12,CEST,local_lianhoerschlaeger,21.0.10,OpenJDK,v22.14.0,Python 3.12.3,9.0.0,2.2.0,459
141130.02,140091.0,4834.834541161483,132769.0,152455.0,139789.87223833165,142470.16776166833,commonmain_ioa_kind-none-jar,1537.7089390021865,50,True,500,True,True,True,True,True,"['None', 'TryFinally', 'TimeClock', 'TimeMonotonicFunction', 'TimeMonotonicFunctionInWholeMilliseconds', 'TimeMonotonicFunctionInWholeMicroseconds', 'TimeMonotonicFunctionInWholeNanoseconds', 'TimeMonotonicGlobal', 'TimeMonotonicGlobalInWholeMilliseconds', 'TimeMonotonicGlobalInWholeMicroseconds', 'TimeMonotonicGlobalInWholeNanoseconds', 'IncrementIntCounter', 'IncrementAtomicIntCounter', 'RandomValue', 'StandardOut', 'AppendToStringBuilder', 'FileEagerFlush', 'FileLazyFlush', 'AddToList', 'AddDuplicatesToSet', 'AddUniqueToSet']",2026-04-09T12:24:26.002361,56b0d38c33758a366556822ef74eab35c62fc879,BSC_IOA,Linux,x86_64,6.17.0-14-generic,Dell Inc.,Precision 5690,False,False,Intel(R) Core(TM) Ultra 7 165H,16,22,4227.272727272727,62.25,52.77,1003.74,836.64,147.12,CEST,local_lianhoerschlaeger,21.0.10,OpenJDK,v22.14.0,Python 3.12.3,9.0.0,2.2.0,459
201314.58,203521.5,25903.283592255564,131118.0,255303.0,194134.5561066318,208494.60389336818,commonmain_ioa_kind-none-node,3611.4293499995256,50,True,500,True,True,True,True,True,"['None', 'TryFinally', 'TimeClock', 'TimeMonotonicFunction', 'TimeMonotonicFunctionInWholeMilliseconds', 'TimeMonotonicFunctionInWholeMicroseconds', 'TimeMonotonicFunctionInWholeNanoseconds', 'TimeMonotonicGlobal', 'TimeMonotonicGlobalInWholeMilliseconds', 'TimeMonotonicGlobalInWholeMicroseconds', 'TimeMonotonicGlobalInWholeNanoseconds', 'IncrementIntCounter', 'IncrementAtomicIntCounter', 'RandomValue', 'StandardOut', 'AppendToStringBuilder', 'FileEagerFlush', 'FileLazyFlush', 'AddToList', 'AddDuplicatesToSet', 'AddUniqueToSet']",2026-04-09T12:24:26.002361,56b0d38c33758a366556822ef74eab35c62fc879,BSC_IOA,Linux,x86_64,6.17.0-14-generic,Dell Inc.,Precision 5690,False,False,Intel(R) Core(TM) Ultra 7 165H,16,22,4227.272727272727,62.25,52.77,1003.74,836.64,147.12,CEST,local_lianhoerschlaeger,21.0.10,OpenJDK,v22.14.0,Python 3.12.3,9.0.0,2.2.0,459
128364.84,128511.0,3700.019003591573,121375.0,140835.0,127339.2470570402,129390.4329429598,commonmain_ioa_kind-none-native,30180.339889997413,50,True,500,True,True,True,True,True,"['None', 'TryFinally', 'TimeClock', 'TimeMonotonicFunction', 'TimeMonotonicFunctionInWholeMilliseconds', 'TimeMonotonicFunctionInWholeMicroseconds', 'TimeMonotonicFunctionInWholeNanoseconds', 'TimeMonotonicGlobal', 'TimeMonotonicGlobalInWholeMilliseconds', 'TimeMonotonicGlobalInWholeMicroseconds', 'TimeMonotonicGlobalInWholeNanoseconds', 'IncrementIntCounter', 'IncrementAtomicIntCounter', 'RandomValue', 'StandardOut', 'AppendToStringBuilder', 'FileEagerFlush', 'FileLazyFlush', 'AddToList', 'AddDuplicatesToSet', 'AddUniqueToSet']",2026-04-09T12:24:26.002361,56b0d38c33758a366556822ef74eab35c62fc879,BSC_IOA,Linux,x86_64,6.17.0-14-generic,Dell Inc.,Precision 5690,False,False,Intel(R) Core(TM) Ultra 7 165H,16,22,4227.272727272727,62.25,52.77,1003.74,836.64,147.12,CEST,local_lianhoerschlaeger,21.0.10,OpenJDK,v22.14.0,Python 3.12.3,9.0.0,2.2.0,459
141379.3,141191.5,3957.7189021156196,133365.0,152027.0,140282.27628950326,142476.3237104967,commonmain_ioa_kind-tryfinally-jar,1392.74799100167,50,True,500,True,True,True,True,True,"['None', 'TryFinally', 'TimeClock', 'TimeMonotonicFunction', 'TimeMonotonicFunctionInWholeMilliseconds', 'TimeMonotonicFunctionInWholeMicroseconds', 'TimeMonotonicFunctionInWholeNanoseconds', 'TimeMonotonicGlobal', 'TimeMonotonicGlobalInWholeMilliseconds', 'TimeMonotonicGlobalInWholeMicroseconds', 'TimeMonotonicGlobalInWholeNanoseconds', 'IncrementIntCounter', 'IncrementAtomicIntCounter', 'RandomValue', 'StandardOut', 'AppendToStringBuilder', 'FileEagerFlush', 'FileLazyFlush', 'AddToList', 'AddDuplicatesToSet', 'AddUniqueToSet']",2026-04-09T12:24:26.002361,56b0d38c33758a366556822ef74eab35c62fc879,BSC_IOA,Linux,x86_64,6.17.0-14-generic,Dell Inc.,Precision 5690,False,False,Intel(R) Core(TM) Ultra 7 165H,16,22,4227.272727272727,62.25,52.77,1003.74,836.64,147.12,CEST,local_lianhoerschlaeger,21.0.10,OpenJDK,v22.14.0,Python 3.12.3,9.0.0,2.2.0,459
183832.5,187196.0,14596.691579650114,128491.0,196867.0,179786.5035172472,187878.4964827528,commonmain_ioa_kind-tryfinally-node,2926.2474329989345,50,True,500,True,True,True,True,True,"['None', 'TryFinally', 'TimeClock', 'TimeMonotonicFunction', 'TimeMonotonicFunctionInWholeMilliseconds', 'TimeMonotonicFunctionInWholeMicroseconds', 'TimeMonotonicFunctionInWholeNanoseconds', 'TimeMonotonicGlobal', 'TimeMonotonicGlobalInWholeMilliseconds', 'TimeMonotonicGlobalInWholeMicroseconds', 'TimeMonotonicGlobalInWholeNanoseconds', 'IncrementIntCounter', 'IncrementAtomicIntCounter', 'RandomValue', 'StandardOut', 'AppendToStringBuilder', 'FileEagerFlush', 'FileLazyFlush', 'AddToList', 'AddDuplicatesToSet', 'AddUniqueToSet']",2026-04-09T12:24:26.002361,56b0d38c33758a366556822ef74eab35c62fc879,BSC_IOA,Linux,x86_64,6.17.0-14-generic,Dell Inc.,Precision 5690,False,False,Intel(R) Core(TM) Ultra 7 165H,16,22,4227.272727272727,62.25,52.77,1003.74,836.64,147.12,CEST,local_lianhoerschlaeger,21.0.10,OpenJDK,v22.14.0,Python 3.12.3,9.0.0,2.2.0,459
126965.3,126442.0,3654.1067824505376,121001.0,138233.0,125952.4332754602,127978.16672453981,commonmain_ioa_kind-tryfinally-native,13850.78340200198,50,True,500,True,True,True,True,True,"['None', 'TryFinally', 'TimeClock', 'TimeMonotonicFunction', 'TimeMonotonicFunctionInWholeMilliseconds', 'TimeMonotonicFunctionInWholeMicroseconds', 'TimeMonotonicFunctionInWholeNanoseconds', 'TimeMonotonicGlobal', 'TimeMonotonicGlobalInWholeMilliseconds', 'TimeMonotonicGlobalInWholeMicroseconds', 'TimeMonotonicGlobalInWholeNanoseconds', 'IncrementIntCounter', 'IncrementAtomicIntCounter', 'RandomValue', 'StandardOut', 'AppendToStringBuilder', 'FileEagerFlush', 'FileLazyFlush', 'AddToList', 'AddDuplicatesToSet', 'AddUniqueToSet']",2026-04-09T12:24:26.002361,56b0d38c33758a366556822ef74eab35c62fc879,BSC_IOA,Linux,x86_64,6.17.0-14-generic,Dell Inc.,Precision 5690,False,False,Intel(R) Core(TM) Ultra 7 165H,16,22,4227.272727272727,62.25,52.77,1003.74,836.64,147.12,CEST,local_lianhoerschlaeger,21.0.10,OpenJDK,v22.14.0,Python 3.12.3,9.0.0,2.2.0,459
319543.18,319361.5,5721.494494679958,304650.0,337906.0,317957.2626381618,321129.0973618382,commonmain_ioa_kind-timeclock-jar,1329.2850629986788,50,True,500,True,True,True,True,True,"['None', 'TryFinally', 'TimeClock', 'TimeMonotonicFunction', 'TimeMonotonicFunctionInWholeMilliseconds', 'TimeMonotonicFunctionInWholeMicroseconds', 'TimeMonotonicFunctionInWholeNanoseconds', 'TimeMonotonicGlobal', 'TimeMonotonicGlobalInWholeMilliseconds', 'TimeMonotonicGlobalInWholeMicroseconds', 'TimeMonotonicGlobalInWholeNanoseconds', 'IncrementIntCounter', 'IncrementAtomicIntCounter', 'RandomValue', 'StandardOut', 'AppendToStringBuilder', 'FileEagerFlush', 'FileLazyFlush', 'AddToList', 'AddDuplicatesToSet', 'AddUniqueToSet']",2026-04-09T12:24:26.002361,56b0d38c33758a366556822ef74eab35c62fc879,BSC_IOA,Linux,x86_64,6.17.0-14-generic,Dell Inc.,Precision 5690,False,False,Intel(R) Core(TM) Ultra 7 165H,16,22,4227.272727272727,62.25,52.77,1003.74,836.64,147.12,CEST,local_lianhoerschlaeger,21.0.10,OpenJDK,v22.14.0,Python 3.12.3,9.0.0,2.2.0,459
7905186.72,7899014.0,460472.01419847616,7002782.0,9407113.0,7777550.389555742,8032823.050444257,commonmain_ioa_kind-timeclock-node,2817.7635419997387,50,True,500,True,True,True,True,True,"['None', 'TryFinally', 'TimeClock', 'TimeMonotonicFunction', 'TimeMonotonicFunctionInWholeMilliseconds', 'TimeMonotonicFunctionInWholeMicroseconds', 'TimeMonotonicFunctionInWholeNanoseconds', 'TimeMonotonicGlobal', 'TimeMonotonicGlobalInWholeMilliseconds', 'TimeMonotonicGlobalInWholeMicroseconds', 'TimeMonotonicGlobalInWholeNanoseconds', 'IncrementIntCounter', 'IncrementAtomicIntCounter', 'RandomValue', 'StandardOut', 'AppendToStringBuilder', 'FileEagerFlush', 'FileLazyFlush', 'AddToList', 'AddDuplicatesToSet', 'AddUniqueToSet']",2026-04-09T12:24:26.002361,56b0d38c33758a366556822ef74eab35c62fc879,BSC_IOA,Linux,x86_64,6.17.0-14-generic,Dell Inc.,Precision 5690,False,False,Intel(R) Core(TM) Ultra 7 165H,16,22,4227.272727272727,62.25,52.77,1003.74,836.64,147.12,CEST,local_lianhoerschlaeger,21.0.10,OpenJDK,v22.14.0,Python 3.12.3,9.0.0,2.2.0,459
394247.98,426016.0,75775.22877118962,252489.0,481737.0,373244.1581808525,415251.8018191475,commonmain_ioa_kind-timeclock-native,12035.72565900322,50,True,500,True,True,True,True,True,"['None', 'TryFinally', 'TimeClock', 'TimeMonotonicFunction', 'TimeMonotonicFunctionInWholeMilliseconds', 'TimeMonotonicFunctionInWholeMicroseconds', 'TimeMonotonicFunctionInWholeNanoseconds', 'TimeMonotonicGlobal', 'TimeMonotonicGlobalInWholeMilliseconds', 'TimeMonotonicGlobalInWholeMicroseconds', 'TimeMonotonicGlobalInWholeNanoseconds', 'IncrementIntCounter', 'IncrementAtomicIntCounter', 'RandomValue', 'StandardOut', 'AppendToStringBuilder', 'FileEagerFlush', 'FileLazyFlush', 'AddToList', 'AddDuplicatesToSet', 'AddUniqueToSet']",2026-04-09T12:24:26.002361,56b0d38c33758a366556822ef74eab35c62fc879,BSC_IOA,Linux,x86_64,6.17.0-14-generic,Dell Inc.,Precision 5690,False,False,Intel(R) Core(TM) Ultra 7 165H,16,22,4227.272727272727,62.25,52.77,1003.74,836.64,147.12,CEST,local_lianhoerschlaeger,21.0.10,OpenJDK,v22.14.0,Python 3.12.3,9.0.0,2.2.0,459
235636.16,235249.5,5031.569813706661,226677.0,250469.0,234241.48000296808,237030.83999703193,commonmain_ioa_kind-timemonotonicfunction-jar,1459.1700520031736,50,True,500,True,True,True,True,True,"['None', 'TryFinally', 'TimeClock', 'TimeMonotonicFunction', 'TimeMonotonicFunctionInWholeMilliseconds', 'TimeMonotonicFunctionInWholeMicroseconds', 'TimeMonotonicFunctionInWholeNanoseconds', 'TimeMonotonicGlobal', 'TimeMonotonicGlobalInWholeMilliseconds', 'TimeMonotonicGlobalInWholeMicroseconds', 'TimeMonotonicGlobalInWholeNanoseconds', 'IncrementIntCounter', 'IncrementAtomicIntCounter', 'RandomValue', 'StandardOut', 'AppendToStringBuilder', 'FileEagerFlush', 'FileLazyFlush', 'AddToList', 'AddDuplicatesToSet', 'AddUniqueToSet']",2026-04-09T12:24:26.002361,56b0d38c33758a366556822ef74eab35c62fc879,BSC_IOA,Linux,x86_64,6.17.0-14-generic,Dell Inc.,Precision 5690,False,False,Intel(R) Core(TM) Ultra 7 165H,16,22,4227.272727272727,62.25,52.77,1003.74,836.64,147.12,CEST,local_lianhoerschlaeger,21.0.10,OpenJDK,v22.14.0,Python 3.12.3,9.0.0,2.2.0,459
1557176.38,1577454.5,188229.3232084356,1195851.0,2021490.0,1505001.8735033348,1609350.886496665,commonmain_ioa_kind-timemonotonicfunction-node,2693.3081170027435,50,True,500,True,True,True,True,True,"['None', 'TryFinally', 'TimeClock', 'TimeMonotonicFunction', 'TimeMonotonicFunctionInWholeMilliseconds', 'TimeMonotonicFunctionInWholeMicroseconds', 'TimeMonotonicFunctionInWholeNanoseconds', 'TimeMonotonicGlobal', 'TimeMonotonicGlobalInWholeMilliseconds', 'TimeMonotonicGlobalInWholeMicroseconds', 'TimeMonotonicGlobalInWholeNanoseconds', 'IncrementIntCounter', 'IncrementAtomicIntCounter', 'RandomValue', 'StandardOut', 'AppendToStringBuilder', 'FileEagerFlush', 'FileLazyFlush', 'AddToList', 'AddDuplicatesToSet', 'AddUniqueToSet']",2026-04-09T12:24:26.002361,56b0d38c33758a366556822ef74eab35c62fc879,BSC_IOA,Linux,x86_64,6.17.0-14-generic,Dell Inc.,Precision 5690,False,False,Intel(R) Core(TM) Ultra 7 165H,16,22,4227.272727272727,62.25,52.77,1003.74,836.64,147.12,CEST,local_lianhoerschlaeger,21.0.10,OpenJDK,v22.14.0,Python 3.12.3,9.0.0,2.2.0,459
271347.46,282536.5,31256.345208685063,160655.0,313698.0,262683.64312834985,280011.2768716502,commonmain_ioa_kind-timemonotonicfunction-native,11808.75233000188,50,True,500,True,True,True,True,True,"['None', 'TryFinally', 'TimeClock', 'TimeMonotonicFunction', 'TimeMonotonicFunctionInWholeMilliseconds', 'TimeMonotonicFunctionInWholeMicroseconds', 'TimeMonotonicFunctionInWholeNanoseconds', 'TimeMonotonicGlobal', 'TimeMonotonicGlobalInWholeMilliseconds', 'TimeMonotonicGlobalInWholeMicroseconds', 'TimeMonotonicGlobalInWholeNanoseconds', 'IncrementIntCounter', 'IncrementAtomicIntCounter', 'RandomValue', 'StandardOut', 'AppendToStringBuilder', 'FileEagerFlush', 'FileLazyFlush', 'AddToList', 'AddDuplicatesToSet', 'AddUniqueToSet']",2026-04-09T12:24:26.002361,56b0d38c33758a366556822ef74eab35c62fc879,BSC_IOA,Linux,x86_64,6.17.0-14-generic,Dell Inc.,Precision 5690,False,False,Intel(R) Core(TM) Ultra 7 165H,16,22,4227.272727272727,62.25,52.77,1003.74,836.64,147.12,CEST,local_lianhoerschlaeger,21.0.10,OpenJDK,v22.14.0,Python 3.12.3,9.0.0,2.2.0,459
249543.56,248641.0,6005.733417666957,235490.0,261585.0,247878.85562835267,251208.26437164732,commonmain_ioa_kind-timemonotonicfunctioninwholemilliseconds-jar,1344.0182260019355,50,True,500,True,True,True,True,True,"['None', 'TryFinally', 'TimeClock', 'TimeMonotonicFunction', 'TimeMonotonicFunctionInWholeMilliseconds', 'TimeMonotonicFunctionInWholeMicroseconds', 'TimeMonotonicFunctionInWholeNanoseconds', 'TimeMonotonicGlobal', 'TimeMonotonicGlobalInWholeMilliseconds', 'TimeMonotonicGlobalInWholeMicroseconds', 'TimeMonotonicGlobalInWholeNanoseconds', 'IncrementIntCounter', 'IncrementAtomicIntCounter', 'RandomValue', 'StandardOut', 'AppendToStringBuilder', 'FileEagerFlush', 'FileLazyFlush', 'AddToList', 'AddDuplicatesToSet', 'AddUniqueToSet']",2026-04-09T12:24:26.002361,56b0d38c33758a366556822ef74eab35c62fc879,BSC_IOA,Linux,x86_64,6.17.0-14-generic,Dell Inc.,Precision 5690,False,False,Intel(R) Core(TM) Ultra 7 165H,16,22,4227.272727272727,62.25,52.77,1003.74,836.64,147.12,CEST,local_lianhoerschlaeger,21.0.10,OpenJDK,v22.14.0,Python 3.12.3,9.0.0,2.2.0,459
1775019.2,1741910.5,196426.32534206752,1431367.0,2188798.0,1720572.600432051,1829465.7995679488,commonmain_ioa_kind-timemonotonicfunctioninwholemilliseconds-node,2734.060361999582,50,True,500,True,True,True,True,True,"['None', 'TryFinally', 'TimeClock', 'TimeMonotonicFunction', 'TimeMonotonicFunctionInWholeMilliseconds', 'TimeMonotonicFunctionInWholeMicroseconds', 'TimeMonotonicFunctionInWholeNanoseconds', 'TimeMonotonicGlobal', 'TimeMonotonicGlobalInWholeMilliseconds', 'TimeMonotonicGlobalInWholeMicroseconds', 'TimeMonotonicGlobalInWholeNanoseconds', 'IncrementIntCounter', 'IncrementAtomicIntCounter', 'RandomValue', 'StandardOut', 'AppendToStringBuilder', 'FileEagerFlush', 'FileLazyFlush', 'AddToList', 'AddDuplicatesToSet', 'AddUniqueToSet']",2026-04-09T12:24:26.002361,56b0d38c33758a366556822ef74eab35c62fc879,BSC_IOA,Linux,x86_64,6.17.0-14-generic,Dell Inc.,Precision 5690,False,False,Intel(R) Core(TM) Ultra 7 165H,16,22,4227.272727272727,62.25,52.77,1003.74,836.64,147.12,CEST,local_lianhoerschlaeger,21.0.10,OpenJDK,v22.14.0,Python 3.12.3,9.0.0,2.2.0,459
288463.92,304168.5,33773.19421468537,182816.0,331074.0,279102.46817659854,297825.3718234014,commonmain_ioa_kind-timemonotonicfunctioninwholemilliseconds-native,11909.518229000241,50,True,500,True,True,True,True,True,"['None', 'TryFinally', 'TimeClock', 'TimeMonotonicFunction', 'TimeMonotonicFunctionInWholeMilliseconds', 'TimeMonotonicFunctionInWholeMicroseconds', 'TimeMonotonicFunctionInWholeNanoseconds', 'TimeMonotonicGlobal', 'TimeMonotonicGlobalInWholeMilliseconds', 'TimeMonotonicGlobalInWholeMicroseconds', 'TimeMonotonicGlobalInWholeNanoseconds', 'IncrementIntCounter', 'IncrementAtomicIntCounter', 'RandomValue', 'StandardOut', 'AppendToStringBuilder', 'FileEagerFlush', 'FileLazyFlush', 'AddToList', 'AddDuplicatesToSet', 'AddUniqueToSet']",2026-04-09T12:24:26.002361,56b0d38c33758a366556822ef74eab35c62fc879,BSC_IOA,Linux,x86_64,6.17.0-14-generic,Dell Inc.,Precision 5690,False,False,Intel(R) Core(TM) Ultra 7 165H,16,22,4227.272727272727,62.25,52.77,1003.74,836.64,147.12,CEST,local_lianhoerschlaeger,21.0.10,OpenJDK,v22.14.0,Python 3.12.3,9.0.0,2.2.0,459
240866.32,240825.0,7794.102530943325,212319.0,269065.0,238705.90500086584,243026.73499913418,commonmain_ioa_kind-timemonotonicfunctioninwholemicroseconds-jar,1343.9074709967826,50,True,500,True,True,True,True,True,"['None', 'TryFinally', 'TimeClock', 'TimeMonotonicFunction', 'TimeMonotonicFunctionInWholeMilliseconds', 'TimeMonotonicFunctionInWholeMicroseconds', 'TimeMonotonicFunctionInWholeNanoseconds', 'TimeMonotonicGlobal', 'TimeMonotonicGlobalInWholeMilliseconds', 'TimeMonotonicGlobalInWholeMicroseconds', 'TimeMonotonicGlobalInWholeNanoseconds', 'IncrementIntCounter', 'IncrementAtomicIntCounter', 'RandomValue', 'StandardOut', 'AppendToStringBuilder', 'FileEagerFlush', 'FileLazyFlush', 'AddToList', 'AddDuplicatesToSet', 'AddUniqueToSet']",2026-04-09T12:24:26.002361,56b0d38c33758a366556822ef74eab35c62fc879,BSC_IOA,Linux,x86_64,6.17.0-14-generic,Dell Inc.,Precision 5690,False,False,Intel(R) Core(TM) Ultra 7 165H,16,22,4227.272727272727,62.25,52.77,1003.74,836.64,147.12,CEST,local_lianhoerschlaeger,21.0.10,OpenJDK,v22.14.0,Python 3.12.3,9.0.0,2.2.0,459
1899775.92,1890598.5,249170.81201865175,1482286.0,2523181.0,1830709.2946259582,1968842.5453740417,commonmain_ioa_kind-timemonotonicfunctioninwholemicroseconds-node,2673.979924999003,50,True,500,True,True,True,True,True,"['None', 'TryFinally', 'TimeClock', 'TimeMonotonicFunction', 'TimeMonotonicFunctionInWholeMilliseconds', 'TimeMonotonicFunctionInWholeMicroseconds', 'TimeMonotonicFunctionInWholeNanoseconds', 'TimeMonotonicGlobal', 'TimeMonotonicGlobalInWholeMilliseconds', 'TimeMonotonicGlobalInWholeMicroseconds', 'TimeMonotonicGlobalInWholeNanoseconds', 'IncrementIntCounter', 'IncrementAtomicIntCounter', 'RandomValue', 'StandardOut', 'AppendToStringBuilder', 'FileEagerFlush', 'FileLazyFlush', 'AddToList', 'AddDuplicatesToSet', 'AddUniqueToSet']",2026-04-09T12:24:26.002361,56b0d38c33758a366556822ef74eab35c62fc879,BSC_IOA,Linux,x86_64,6.17.0-14-generic,Dell Inc.,Precision 5690,False,False,Intel(R) Core(TM) Ultra 7 165H,16,22,4227.272727272727,62.25,52.77,1003.74,836.64,147.12,CEST,local_lianhoerschlaeger,21.0.10,OpenJDK,v22.14.0,Python 3.12.3,9.0.0,2.2.0,459
295813.7,303275.0,25595.18604072226,178043.0,336044.0,288719.0763908706,302908.3236091294,commonmain_ioa_kind-timemonotonicfunctioninwholemicroseconds-native,10682.942922998336,50,True,500,True,True,True,True,True,"['None', 'TryFinally', 'TimeClock', 'TimeMonotonicFunction', 'TimeMonotonicFunctionInWholeMilliseconds', 'TimeMonotonicFunctionInWholeMicroseconds', 'TimeMonotonicFunctionInWholeNanoseconds', 'TimeMonotonicGlobal', 'TimeMonotonicGlobalInWholeMilliseconds', 'TimeMonotonicGlobalInWholeMicroseconds', 'TimeMonotonicGlobalInWholeNanoseconds', 'IncrementIntCounter', 'IncrementAtomicIntCounter', 'RandomValue', 'StandardOut', 'AppendToStringBuilder', 'FileEagerFlush', 'FileLazyFlush', 'AddToList', 'AddDuplicatesToSet', 'AddUniqueToSet']",2026-04-09T12:24:26.002361,56b0d38c33758a366556822ef74eab35c62fc879,BSC_IOA,Linux,x86_64,6.17.0-14-generic,Dell Inc.,Precision 5690,False,False,Intel(R) Core(TM) Ultra 7 165H,16,22,4227.272727272727,62.25,52.77,1003.74,836.64,147.12,CEST,local_lianhoerschlaeger,21.0.10,OpenJDK,v22.14.0,Python 3.12.3,9.0.0,2.2.0,459
235704.68,237247.0,10187.156334386182,184205.0,247439.0,232880.94432857962,238528.41567142037,commonmain_ioa_kind-timemonotonicfunctioninwholenanoseconds-jar,1323.6245610023616,50,True,500,True,True,True,True,True,"['None', 'TryFinally', 'TimeClock', 'TimeMonotonicFunction', 'TimeMonotonicFunctionInWholeMilliseconds', 'TimeMonotonicFunctionInWholeMicroseconds', 'TimeMonotonicFunctionInWholeNanoseconds', 'TimeMonotonicGlobal', 'TimeMonotonicGlobalInWholeMilliseconds', 'TimeMonotonicGlobalInWholeMicroseconds', 'TimeMonotonicGlobalInWholeNanoseconds', 'IncrementIntCounter', 'IncrementAtomicIntCounter', 'RandomValue', 'StandardOut', 'AppendToStringBuilder', 'FileEagerFlush', 'FileLazyFlush', 'AddToList', 'AddDuplicatesToSet', 'AddUniqueToSet']",2026-04-09T12:24:26.002361,56b0d38c33758a366556822ef74eab35c62fc879,BSC_IOA,Linux,x86_64,6.17.0-14-generic,Dell Inc.,Precision 5690,False,False,Intel(R) Core(TM) Ultra 7 165H,16,22,4227.272727272727,62.25,52.77,1003.74,836.64,147.12,CEST,local_lianhoerschlaeger,21.0.10,OpenJDK,v22.14.0,Python 3.12.3,9.0.0,2.2.0,459
1623597.08,1603277.0,213044.6801709358,1219360.0,2137516.0,1564544.1074865216,1682650.0525134786,commonmain_ioa_kind-timemonotonicfunctioninwholenanoseconds-node,2563.64723599836,50,True,500,True,True,True,True,True,"['None', 'TryFinally', 'TimeClock', 'TimeMonotonicFunction', 'TimeMonotonicFunctionInWholeMilliseconds', 'TimeMonotonicFunctionInWholeMicroseconds', 'TimeMonotonicFunctionInWholeNanoseconds', 'TimeMonotonicGlobal', 'TimeMonotonicGlobalInWholeMilliseconds', 'TimeMonotonicGlobalInWholeMicroseconds', 'TimeMonotonicGlobalInWholeNanoseconds', 'IncrementIntCounter', 'IncrementAtomicIntCounter', 'RandomValue', 'StandardOut', 'AppendToStringBuilder', 'FileEagerFlush', 'FileLazyFlush', 'AddToList', 'AddDuplicatesToSet', 'AddUniqueToSet']",2026-04-09T12:24:26.002361,56b0d38c33758a366556822ef74eab35c62fc879,BSC_IOA,Linux,x86_64,6.17.0-14-generic,Dell Inc.,Precision 5690,False,False,Intel(R) Core(TM) Ultra 7 165H,16,22,4227.272727272727,62.25,52.77,1003.74,836.64,147.12,CEST,local_lianhoerschlaeger,21.0.10,OpenJDK,v22.14.0,Python 3.12.3,9.0.0,2.2.0,459
253743.82,277288.5,46463.93200115284,147940.0,306551.0,240864.67513174654,266622.9648682535,commonmain_ioa_kind-timemonotonicfunctioninwholenanoseconds-native,11089.291561998834,50,True,500,True,True,True,True,True,"['None', 'TryFinally', 'TimeClock', 'TimeMonotonicFunction', 'TimeMonotonicFunctionInWholeMilliseconds', 'TimeMonotonicFunctionInWholeMicroseconds', 'TimeMonotonicFunctionInWholeNanoseconds', 'TimeMonotonicGlobal', 'TimeMonotonicGlobalInWholeMilliseconds', 'TimeMonotonicGlobalInWholeMicroseconds', 'TimeMonotonicGlobalInWholeNanoseconds', 'IncrementIntCounter', 'IncrementAtomicIntCounter', 'RandomValue', 'StandardOut', 'AppendToStringBuilder', 'FileEagerFlush', 'FileLazyFlush', 'AddToList', 'AddDuplicatesToSet', 'AddUniqueToSet']",2026-04-09T12:24:26.002361,56b0d38c33758a366556822ef74eab35c62fc879,BSC_IOA,Linux,x86_64,6.17.0-14-generic,Dell Inc.,Precision 5690,False,False,Intel(R) Core(TM) Ultra 7 165H,16,22,4227.272727272727,62.25,52.77,1003.74,836.64,147.12,CEST,local_lianhoerschlaeger,21.0.10,OpenJDK,v22.14.0,Python 3.12.3,9.0.0,2.2.0,459
242016.52,243648.0,10735.617973600869,199506.0,257819.0,239040.75851841035,244992.28148158963,commonmain_ioa_kind-timemonotonicglobal-jar,1350.4235299988068,50,True,500,True,True,True,True,True,"['None', 'TryFinally', 'TimeClock', 'TimeMonotonicFunction', 'TimeMonotonicFunctionInWholeMilliseconds', 'TimeMonotonicFunctionInWholeMicroseconds', 'TimeMonotonicFunctionInWholeNanoseconds', 'TimeMonotonicGlobal', 'TimeMonotonicGlobalInWholeMilliseconds', 'TimeMonotonicGlobalInWholeMicroseconds', 'TimeMonotonicGlobalInWholeNanoseconds', 'IncrementIntCounter', 'IncrementAtomicIntCounter', 'RandomValue', 'StandardOut', 'AppendToStringBuilder', 'FileEagerFlush', 'FileLazyFlush', 'AddToList', 'AddDuplicatesToSet', 'AddUniqueToSet']",2026-04-09T12:24:26.002361,56b0d38c33758a366556822ef74eab35c62fc879,BSC_IOA,Linux,x86_64,6.17.0-14-generic,Dell Inc.,Precision 5690,False,False,Intel(R) Core(TM) Ultra 7 165H,16,22,4227.272727272727,62.25,52.77,1003.74,836.64,147.12,CEST,local_lianhoerschlaeger,21.0.10,OpenJDK,v22.14.0,Python 3.12.3,9.0.0,2.2.0,459
2842334.38,2814118.0,321889.2710753561,2297780.0,3451614.0,2753111.226143517,2931557.5338564827,commonmain_ioa_kind-timemonotonicglobal-node,2477.4439000029815,50,True,500,True,True,True,True,True,"['None', 'TryFinally', 'TimeClock', 'TimeMonotonicFunction', 'TimeMonotonicFunctionInWholeMilliseconds', 'TimeMonotonicFunctionInWholeMicroseconds', 'TimeMonotonicFunctionInWholeNanoseconds', 'TimeMonotonicGlobal', 'TimeMonotonicGlobalInWholeMilliseconds', 'TimeMonotonicGlobalInWholeMicroseconds', 'TimeMonotonicGlobalInWholeNanoseconds', 'IncrementIntCounter', 'IncrementAtomicIntCounter', 'RandomValue', 'StandardOut', 'AppendToStringBuilder', 'FileEagerFlush', 'FileLazyFlush', 'AddToList', 'AddDuplicatesToSet', 'AddUniqueToSet']",2026-04-09T12:24:26.002361,56b0d38c33758a366556822ef74eab35c62fc879,BSC_IOA,Linux,x86_64,6.17.0-14-generic,Dell Inc.,Precision 5690,False,False,Intel(R) Core(TM) Ultra 7 165H,16,22,4227.272727272727,62.25,52.77,1003.74,836.64,147.12,CEST,local_lianhoerschlaeger,21.0.10,OpenJDK,v22.14.0,Python 3.12.3,9.0.0,2.2.0,459
361320.32,401136.0,78744.2281143455,227718.0,462472.0,339493.53354985,383147.10645015,commonmain_ioa_kind-timemonotonicglobal-native,11337.034629999835,50,True,500,True,True,True,True,True,"['None', 'TryFinally', 'TimeClock', 'TimeMonotonicFunction', 'TimeMonotonicFunctionInWholeMilliseconds', 'TimeMonotonicFunctionInWholeMicroseconds', 'TimeMonotonicFunctionInWholeNanoseconds', 'TimeMonotonicGlobal', 'TimeMonotonicGlobalInWholeMilliseconds', 'TimeMonotonicGlobalInWholeMicroseconds', 'TimeMonotonicGlobalInWholeNanoseconds', 'IncrementIntCounter', 'IncrementAtomicIntCounter', 'RandomValue', 'StandardOut', 'AppendToStringBuilder', 'FileEagerFlush', 'FileLazyFlush', 'AddToList', 'AddDuplicatesToSet', 'AddUniqueToSet']",2026-04-09T12:24:26.002361,56b0d38c33758a366556822ef74eab35c62fc879,BSC_IOA,Linux,x86_64,6.17.0-14-generic,Dell Inc.,Precision 5690,False,False,Intel(R) Core(TM) Ultra 7 165H,16,22,4227.272727272727,62.25,52.77,1003.74,836.64,147.12,CEST,local_lianhoerschlaeger,21.0.10,OpenJDK,v22.14.0,Python 3.12.3,9.0.0,2.2.0,459
239848.66,241715.5,16801.883377922433,163345.0,260984.0,235191.41553609207,244505.90446390794,commonmain_ioa_kind-timemonotonicglobalinwholemilliseconds-jar,1354.1761170017708,50,True,500,True,True,True,True,True,"['None', 'TryFinally', 'TimeClock', 'TimeMonotonicFunction', 'TimeMonotonicFunctionInWholeMilliseconds', 'TimeMonotonicFunctionInWholeMicroseconds', 'TimeMonotonicFunctionInWholeNanoseconds', 'TimeMonotonicGlobal', 'TimeMonotonicGlobalInWholeMilliseconds', 'TimeMonotonicGlobalInWholeMicroseconds', 'TimeMonotonicGlobalInWholeNanoseconds', 'IncrementIntCounter', 'IncrementAtomicIntCounter', 'RandomValue', 'StandardOut', 'AppendToStringBuilder', 'FileEagerFlush', 'FileLazyFlush', 'AddToList', 'AddDuplicatesToSet', 'AddUniqueToSet']",2026-04-09T12:24:26.002361,56b0d38c33758a366556822ef74eab35c62fc879,BSC_IOA,Linux,x86_64,6.17.0-14-generic,Dell Inc.,Precision 5690,False,False,Intel(R) Core(TM) Ultra 7 165H,16,22,4227.272727272727,62.25,52.77,1003.74,836.64,147.12,CEST,local_lianhoerschlaeger,21.0.10,OpenJDK,v22.14.0,Python 3.12.3,9.0.0,2.2.0,459
3054870.92,3026109.5,287237.5534173363,2473068.0,3706844.0,2975252.73224153,3134489.10775847,commonmain_ioa_kind-timemonotonicglobalinwholemilliseconds-node,2483.3097269984137,50,True,500,True,True,True,True,True,"['None', 'TryFinally', 'TimeClock', 'TimeMonotonicFunction', 'TimeMonotonicFunctionInWholeMilliseconds', 'TimeMonotonicFunctionInWholeMicroseconds', 'TimeMonotonicFunctionInWholeNanoseconds', 'TimeMonotonicGlobal', 'TimeMonotonicGlobalInWholeMilliseconds', 'TimeMonotonicGlobalInWholeMicroseconds', 'TimeMonotonicGlobalInWholeNanoseconds', 'IncrementIntCounter', 'IncrementAtomicIntCounter', 'RandomValue', 'StandardOut', 'AppendToStringBuilder', 'FileEagerFlush', 'FileLazyFlush', 'AddToList', 'AddDuplicatesToSet', 'AddUniqueToSet']",2026-04-09T12:24:26.002361,56b0d38c33758a366556822ef74eab35c62fc879,BSC_IOA,Linux,x86_64,6.17.0-14-generic,Dell Inc.,Precision 5690,False,False,Intel(R) Core(TM) Ultra 7 165H,16,22,4227.272727272727,62.25,52.77,1003.74,836.64,147.12,CEST,local_lianhoerschlaeger,21.0.10,OpenJDK,v22.14.0,Python 3.12.3,9.0.0,2.2.0,459
397143.68,450699.0,82745.14881357834,243200.0,490455.0,374207.8949121425,420079.4650878575,commonmain_ioa_kind-timemonotonicglobalinwholemilliseconds-native,11090.596281999751,50,True,500,True,True,True,True,True,"['None', 'TryFinally', 'TimeClock', 'TimeMonotonicFunction', 'TimeMonotonicFunctionInWholeMilliseconds', 'TimeMonotonicFunctionInWholeMicroseconds', 'TimeMonotonicFunctionInWholeNanoseconds', 'TimeMonotonicGlobal', 'TimeMonotonicGlobalInWholeMilliseconds', 'TimeMonotonicGlobalInWholeMicroseconds', 'TimeMonotonicGlobalInWholeNanoseconds', 'IncrementIntCounter', 'IncrementAtomicIntCounter', 'RandomValue', 'StandardOut', 'AppendToStringBuilder', 'FileEagerFlush', 'FileLazyFlush', 'AddToList', 'AddDuplicatesToSet', 'AddUniqueToSet']",2026-04-09T12:24:26.002361,56b0d38c33758a366556822ef74eab35c62fc879,BSC_IOA,Linux,x86_64,6.17.0-14-generic,Dell Inc.,Precision 5690,False,False,Intel(R) Core(TM) Ultra 7 165H,16,22,4227.272727272727,62.25,52.77,1003.74,836.64,147.12,CEST,local_lianhoerschlaeger,21.0.10,OpenJDK,v22.14.0,Python 3.12.3,9.0.0,2.2.0,459
250974.84,251332.0,10594.983251347145,204383.0,266552.0,248038.0604745945,253911.6195254055,commonmain_ioa_kind-timemonotonicglobalinwholemicroseconds-jar,1323.5241109978233,50,True,500,True,True,True,True,True,"['None', 'TryFinally', 'TimeClock', 'TimeMonotonicFunction', 'TimeMonotonicFunctionInWholeMilliseconds', 'TimeMonotonicFunctionInWholeMicroseconds', 'TimeMonotonicFunctionInWholeNanoseconds', 'TimeMonotonicGlobal', 'TimeMonotonicGlobalInWholeMilliseconds', 'TimeMonotonicGlobalInWholeMicroseconds', 'TimeMonotonicGlobalInWholeNanoseconds', 'IncrementIntCounter', 'IncrementAtomicIntCounter', 'RandomValue', 'StandardOut', 'AppendToStringBuilder', 'FileEagerFlush', 'FileLazyFlush', 'AddToList', 'AddDuplicatesToSet', 'AddUniqueToSet']",2026-04-09T12:24:26.002361,56b0d38c33758a366556822ef74eab35c62fc879,BSC_IOA,Linux,x86_64,6.17.0-14-generic,Dell Inc.,Precision 5690,False,False,Intel(R) Core(TM) Ultra 7 165H,16,22,4227.272727272727,62.25,52.77,1003.74,836.64,147.12,CEST,local_lianhoerschlaeger,21.0.10,OpenJDK,v22.14.0,Python 3.12.3,9.0.0,2.2.0,459
3137038.32,3072718.0,314290.8662415679,2576737.0,3853137.0,3049921.3365085125,3224155.303491487,commonmain_ioa_kind-timemonotonicglobalinwholemicroseconds-node,2598.7797060006415,50,True,500,True,True,True,True,True,"['None', 'TryFinally', 'TimeClock', 'TimeMonotonicFunction', 'TimeMonotonicFunctionInWholeMilliseconds', 'TimeMonotonicFunctionInWholeMicroseconds', 'TimeMonotonicFunctionInWholeNanoseconds', 'TimeMonotonicGlobal', 'TimeMonotonicGlobalInWholeMilliseconds', 'TimeMonotonicGlobalInWholeMicroseconds', 'TimeMonotonicGlobalInWholeNanoseconds', 'IncrementIntCounter', 'IncrementAtomicIntCounter', 'RandomValue', 'StandardOut', 'AppendToStringBuilder', 'FileEagerFlush', 'FileLazyFlush', 'AddToList', 'AddDuplicatesToSet', 'AddUniqueToSet']",2026-04-09T12:24:26.002361,56b0d38c33758a366556822ef74eab35c62fc879,BSC_IOA,Linux,x86_64,6.17.0-14-generic,Dell Inc.,Precision 5690,False,False,Intel(R) Core(TM) Ultra 7 165H,16,22,4227.272727272727,62.25,52.77,1003.74,836.64,147.12,CEST,local_lianhoerschlaeger,21.0.10,OpenJDK,v22.14.0,Python 3.12.3,9.0.0,2.2.0,459
386647.36,420916.0,79203.38037822087,250962.0,486921.0,364693.30303553166,408601.4169644683,commonmain_ioa_kind-timemonotonicglobalinwholemicroseconds-native,10524.68002599926,50,True,500,True,True,True,True,True,"['None', 'TryFinally', 'TimeClock', 'TimeMonotonicFunction', 'TimeMonotonicFunctionInWholeMilliseconds', 'TimeMonotonicFunctionInWholeMicroseconds', 'TimeMonotonicFunctionInWholeNanoseconds', 'TimeMonotonicGlobal', 'TimeMonotonicGlobalInWholeMilliseconds', 'TimeMonotonicGlobalInWholeMicroseconds', 'TimeMonotonicGlobalInWholeNanoseconds', 'IncrementIntCounter', 'IncrementAtomicIntCounter', 'RandomValue', 'StandardOut', 'AppendToStringBuilder', 'FileEagerFlush', 'FileLazyFlush', 'AddToList', 'AddDuplicatesToSet', 'AddUniqueToSet']",2026-04-09T12:24:26.002361,56b0d38c33758a366556822ef74eab35c62fc879,BSC_IOA,Linux,x86_64,6.17.0-14-generic,Dell Inc.,Precision 5690,False,False,Intel(R) Core(TM) Ultra 7 165H,16,22,4227.272727272727,62.25,52.77,1003.74,836.64,147.12,CEST,local_lianhoerschlaeger,21.0.10,OpenJDK,v22.14.0,Python 3.12.3,9.0.0,2.2.0,459
243453.36,245064.5,11103.99012629685,203974.0,281659.0,240375.49096711905,246531.22903288092,commonmain_ioa_kind-timemonotonicglobalinwholenanoseconds-jar,1341.167727001448,50,True,500,True,True,True,True,True,"['None', 'TryFinally', 'TimeClock', 'TimeMonotonicFunction', 'TimeMonotonicFunctionInWholeMilliseconds', 'TimeMonotonicFunctionInWholeMicroseconds', 'TimeMonotonicFunctionInWholeNanoseconds', 'TimeMonotonicGlobal', 'TimeMonotonicGlobalInWholeMilliseconds', 'TimeMonotonicGlobalInWholeMicroseconds', 'TimeMonotonicGlobalInWholeNanoseconds', 'IncrementIntCounter', 'IncrementAtomicIntCounter', 'RandomValue', 'StandardOut', 'AppendToStringBuilder', 'FileEagerFlush', 'FileLazyFlush', 'AddToList', 'AddDuplicatesToSet', 'AddUniqueToSet']",2026-04-09T12:24:26.002361,56b0d38c33758a366556822ef74eab35c62fc879,BSC_IOA,Linux,x86_64,6.17.0-14-generic,Dell Inc.,Precision 5690,False,False,Intel(R) Core(TM) Ultra 7 165H,16,22,4227.272727272727,62.25,52.77,1003.74,836.64,147.12,CEST,local_lianhoerschlaeger,21.0.10,OpenJDK,v22.14.0,Python 3.12.3,9.0.0,2.2.0,459
2875555.06,2882956.5,293165.63383113063,2389448.0,3553992.0,2794293.692184405,2956816.427815595,commonmain_ioa_kind-timemonotonicglobalinwholenanoseconds-node,2445.96904699938,50,True,500,True,True,True,True,True,"['None', 'TryFinally', 'TimeClock', 'TimeMonotonicFunction', 'TimeMonotonicFunctionInWholeMilliseconds', 'TimeMonotonicFunctionInWholeMicroseconds', 'TimeMonotonicFunctionInWholeNanoseconds', 'TimeMonotonicGlobal', 'TimeMonotonicGlobalInWholeMilliseconds', 'TimeMonotonicGlobalInWholeMicroseconds', 'TimeMonotonicGlobalInWholeNanoseconds', 'IncrementIntCounter', 'IncrementAtomicIntCounter', 'RandomValue', 'StandardOut', 'AppendToStringBuilder', 'FileEagerFlush', 'FileLazyFlush', 'AddToList', 'AddDuplicatesToSet', 'AddUniqueToSet']",2026-04-09T12:24:26.002361,56b0d38c33758a366556822ef74eab35c62fc879,BSC_IOA,Linux,x86_64,6.17.0-14-generic,Dell Inc.,Precision 5690,False,False,Intel(R) Core(TM) Ultra 7 165H,16,22,4227.272727272727,62.25,52.77,1003.74,836.64,147.12,CEST,local_lianhoerschlaeger,21.0.10,OpenJDK,v22.14.0,Python 3.12.3,9.0.0,2.2.0,459
388967.72,426543.0,63678.123784354,229989.0,443954.0,371317.04460866796,406618.395391332,commonmain_ioa_kind-timemonotonicglobalinwholenanoseconds-native,10571.89063199985,50,True,500,True,True,True,True,True,"['None', 'TryFinally', 'TimeClock', 'TimeMonotonicFunction', 'TimeMonotonicFunctionInWholeMilliseconds', 'TimeMonotonicFunctionInWholeMicroseconds', 'TimeMonotonicFunctionInWholeNanoseconds', 'TimeMonotonicGlobal', 'TimeMonotonicGlobalInWholeMilliseconds', 'TimeMonotonicGlobalInWholeMicroseconds', 'TimeMonotonicGlobalInWholeNanoseconds', 'IncrementIntCounter', 'IncrementAtomicIntCounter', 'RandomValue', 'StandardOut', 'AppendToStringBuilder', 'FileEagerFlush', 'FileLazyFlush', 'AddToList', 'AddDuplicatesToSet', 'AddUniqueToSet']",2026-04-09T12:24:26.002361,56b0d38c33758a366556822ef74eab35c62fc879,BSC_IOA,Linux,x86_64,6.17.0-14-generic,Dell Inc.,Precision 5690,False,False,Intel(R) Core(TM) Ultra 7 165H,16,22,4227.272727272727,62.25,52.77,1003.74,836.64,147.12,CEST,local_lianhoerschlaeger,21.0.10,OpenJDK,v22.14.0,Python 3.12.3,9.0.0,2.2.0,459
140715.44,140122.0,5189.27702549661,133395.0,161819.0,139277.0457941198,142153.8342058802,commonmain_ioa_kind-incrementintcounter-jar,1322.4927269984619,50,True,500,True,True,True,True,True,"['None', 'TryFinally', 'TimeClock', 'TimeMonotonicFunction', 'TimeMonotonicFunctionInWholeMilliseconds', 'TimeMonotonicFunctionInWholeMicroseconds', 'TimeMonotonicFunctionInWholeNanoseconds', 'TimeMonotonicGlobal', 'TimeMonotonicGlobalInWholeMilliseconds', 'TimeMonotonicGlobalInWholeMicroseconds', 'TimeMonotonicGlobalInWholeNanoseconds', 'IncrementIntCounter', 'IncrementAtomicIntCounter', 'RandomValue', 'StandardOut', 'AppendToStringBuilder', 'FileEagerFlush', 'FileLazyFlush', 'AddToList', 'AddDuplicatesToSet', 'AddUniqueToSet']",2026-04-09T12:24:26.002361,56b0d38c33758a366556822ef74eab35c62fc879,BSC_IOA,Linux,x86_64,6.17.0-14-generic,Dell Inc.,Precision 5690,False,False,Intel(R) Core(TM) Ultra 7 165H,16,22,4227.272727272727,62.25,52.77,1003.74,836.64,147.12,CEST,local_lianhoerschlaeger,21.0.10,OpenJDK,v22.14.0,Python 3.12.3,9.0.0,2.2.0,459
187553.38,184905.0,23580.516132976205,115423.0,237680.0,181017.19439828955,194089.56560171046,commonmain_ioa_kind-incrementintcounter-node,2896.5957990003517,50,True,500,True,True,True,True,True,"['None', 'TryFinally', 'TimeClock', 'TimeMonotonicFunction', 'TimeMonotonicFunctionInWholeMilliseconds', 'TimeMonotonicFunctionInWholeMicroseconds', 'TimeMonotonicFunctionInWholeNanoseconds', 'TimeMonotonicGlobal', 'TimeMonotonicGlobalInWholeMilliseconds', 'TimeMonotonicGlobalInWholeMicroseconds', 'TimeMonotonicGlobalInWholeNanoseconds', 'IncrementIntCounter', 'IncrementAtomicIntCounter', 'RandomValue', 'StandardOut', 'AppendToStringBuilder', 'FileEagerFlush', 'FileLazyFlush', 'AddToList', 'AddDuplicatesToSet', 'AddUniqueToSet']",2026-04-09T12:24:26.002361,56b0d38c33758a366556822ef74eab35c62fc879,BSC_IOA,Linux,x86_64,6.17.0-14-generic,Dell Inc.,Precision 5690,False,False,Intel(R) Core(TM) Ultra 7 165H,16,22,4227.272727272727,62.25,52.77,1003.74,836.64,147.12,CEST,local_lianhoerschlaeger,21.0.10,OpenJDK,v22.14.0,Python 3.12.3,9.0.0,2.2.0,459
129837.78,128858.0,4835.709492675404,122037.0,146366.0,128497.38971414538,131178.17028585463,commonmain_ioa_kind-incrementintcounter-native,10770.23849699981,50,True,500,True,True,True,True,True,"['None', 'TryFinally', 'TimeClock', 'TimeMonotonicFunction', 'TimeMonotonicFunctionInWholeMilliseconds', 'TimeMonotonicFunctionInWholeMicroseconds', 'TimeMonotonicFunctionInWholeNanoseconds', 'TimeMonotonicGlobal', 'TimeMonotonicGlobalInWholeMilliseconds', 'TimeMonotonicGlobalInWholeMicroseconds', 'TimeMonotonicGlobalInWholeNanoseconds', 'IncrementIntCounter', 'IncrementAtomicIntCounter', 'RandomValue', 'StandardOut', 'AppendToStringBuilder', 'FileEagerFlush', 'FileLazyFlush', 'AddToList', 'AddDuplicatesToSet', 'AddUniqueToSet']",2026-04-09T12:24:26.002361,56b0d38c33758a366556822ef74eab35c62fc879,BSC_IOA,Linux,x86_64,6.17.0-14-generic,Dell Inc.,Precision 5690,False,False,Intel(R) Core(TM) Ultra 7 165H,16,22,4227.272727272727,62.25,52.77,1003.74,836.64,147.12,CEST,local_lianhoerschlaeger,21.0.10,OpenJDK,v22.14.0,Python 3.12.3,9.0.0,2.2.0,459
150015.18,148713.0,4069.089517023559,143531.0,161122.0,148887.28593002894,151143.07406997104,commonmain_ioa_kind-incrementatomicintcounter-jar,1333.1768040006864,50,True,500,True,True,True,True,True,"['None', 'TryFinally', 'TimeClock', 'TimeMonotonicFunction', 'TimeMonotonicFunctionInWholeMilliseconds', 'TimeMonotonicFunctionInWholeMicroseconds', 'TimeMonotonicFunctionInWholeNanoseconds', 'TimeMonotonicGlobal', 'TimeMonotonicGlobalInWholeMilliseconds', 'TimeMonotonicGlobalInWholeMicroseconds', 'TimeMonotonicGlobalInWholeNanoseconds', 'IncrementIntCounter', 'IncrementAtomicIntCounter', 'RandomValue', 'StandardOut', 'AppendToStringBuilder', 'FileEagerFlush', 'FileLazyFlush', 'AddToList', 'AddDuplicatesToSet', 'AddUniqueToSet']",2026-04-09T12:24:26.002361,56b0d38c33758a366556822ef74eab35c62fc879,BSC_IOA,Linux,x86_64,6.17.0-14-generic,Dell Inc.,Precision 5690,False,False,Intel(R) Core(TM) Ultra 7 165H,16,22,4227.272727272727,62.25,52.77,1003.74,836.64,147.12,CEST,local_lianhoerschlaeger,21.0.10,OpenJDK,v22.14.0,Python 3.12.3,9.0.0,2.2.0,459
196281.28,198764.5,23874.745895038403,122877.0,230142.0,189663.53806917695,202899.02193082304,commonmain_ioa_kind-incrementatomicintcounter-node,2589.9161209999875,50,True,500,True,True,True,True,True,"['None', 'TryFinally', 'TimeClock', 'TimeMonotonicFunction', 'TimeMonotonicFunctionInWholeMilliseconds', 'TimeMonotonicFunctionInWholeMicroseconds', 'TimeMonotonicFunctionInWholeNanoseconds', 'TimeMonotonicGlobal', 'TimeMonotonicGlobalInWholeMilliseconds', 'TimeMonotonicGlobalInWholeMicroseconds', 'TimeMonotonicGlobalInWholeNanoseconds', 'IncrementIntCounter', 'IncrementAtomicIntCounter', 'RandomValue', 'StandardOut', 'AppendToStringBuilder', 'FileEagerFlush', 'FileLazyFlush', 'AddToList', 'AddDuplicatesToSet', 'AddUniqueToSet']",2026-04-09T12:24:26.002361,56b0d38c33758a366556822ef74eab35c62fc879,BSC_IOA,Linux,x86_64,6.17.0-14-generic,Dell Inc.,Precision 5690,False,False,Intel(R) Core(TM) Ultra 7 165H,16,22,4227.272727272727,62.25,52.77,1003.74,836.64,147.12,CEST,local_lianhoerschlaeger,21.0.10,OpenJDK,v22.14.0,Python 3.12.3,9.0.0,2.2.0,459
147158.3,146717.0,5697.520231268537,136960.0,172277.0,145579.0279649408,148737.5720350592,commonmain_ioa_kind-incrementatomicintcounter-native,10963.880409999547,50,True,500,True,True,True,True,True,"['None', 'TryFinally', 'TimeClock', 'TimeMonotonicFunction', 'TimeMonotonicFunctionInWholeMilliseconds', 'TimeMonotonicFunctionInWholeMicroseconds', 'TimeMonotonicFunctionInWholeNanoseconds', 'TimeMonotonicGlobal', 'TimeMonotonicGlobalInWholeMilliseconds', 'TimeMonotonicGlobalInWholeMicroseconds', 'TimeMonotonicGlobalInWholeNanoseconds', 'IncrementIntCounter', 'IncrementAtomicIntCounter', 'RandomValue', 'StandardOut', 'AppendToStringBuilder', 'FileEagerFlush', 'FileLazyFlush', 'AddToList', 'AddDuplicatesToSet', 'AddUniqueToSet']",2026-04-09T12:24:26.002361,56b0d38c33758a366556822ef74eab35c62fc879,BSC_IOA,Linux,x86_64,6.17.0-14-generic,Dell Inc.,Precision 5690,False,False,Intel(R) Core(TM) Ultra 7 165H,16,22,4227.272727272727,62.25,52.77,1003.74,836.64,147.12,CEST,local_lianhoerschlaeger,21.0.10,OpenJDK,v22.14.0,Python 3.12.3,9.0.0,2.2.0,459
145827.82,145307.5,3585.1194138880137,136409.0,153871.0,144834.07559842188,146821.56440157813,commonmain_ioa_kind-randomvalue-jar,1297.1661430019594,50,True,500,True,True,True,True,True,"['None', 'TryFinally', 'TimeClock', 'TimeMonotonicFunction', 'TimeMonotonicFunctionInWholeMilliseconds', 'TimeMonotonicFunctionInWholeMicroseconds', 'TimeMonotonicFunctionInWholeNanoseconds', 'TimeMonotonicGlobal', 'TimeMonotonicGlobalInWholeMilliseconds', 'TimeMonotonicGlobalInWholeMicroseconds', 'TimeMonotonicGlobalInWholeNanoseconds', 'IncrementIntCounter', 'IncrementAtomicIntCounter', 'RandomValue', 'StandardOut', 'AppendToStringBuilder', 'FileEagerFlush', 'FileLazyFlush', 'AddToList', 'AddDuplicatesToSet', 'AddUniqueToSet']",2026-04-09T12:24:26.002361,56b0d38c33758a366556822ef74eab35c62fc879,BSC_IOA,Linux,x86_64,6.17.0-14-generic,Dell Inc.,Precision 5690,False,False,Intel(R) Core(TM) Ultra 7 165H,16,22,4227.272727272727,62.25,52.77,1003.74,836.64,147.12,CEST,local_lianhoerschlaeger,21.0.10,OpenJDK,v22.14.0,Python 3.12.3,9.0.0,2.2.0,459
197116.66,197919.5,17477.352679337888,127887.0,254382.0,192272.18499807452,201961.1350019255,commonmain_ioa_kind-randomvalue-node,2397.781463001593,50,True,500,True,True,True,True,True,"['None', 'TryFinally', 'TimeClock', 'TimeMonotonicFunction', 'TimeMonotonicFunctionInWholeMilliseconds', 'TimeMonotonicFunctionInWholeMicroseconds', 'TimeMonotonicFunctionInWholeNanoseconds', 'TimeMonotonicGlobal', 'TimeMonotonicGlobalInWholeMilliseconds', 'TimeMonotonicGlobalInWholeMicroseconds', 'TimeMonotonicGlobalInWholeNanoseconds', 'IncrementIntCounter', 'IncrementAtomicIntCounter', 'RandomValue', 'StandardOut', 'AppendToStringBuilder', 'FileEagerFlush', 'FileLazyFlush', 'AddToList', 'AddDuplicatesToSet', 'AddUniqueToSet']",2026-04-09T12:24:26.002361,56b0d38c33758a366556822ef74eab35c62fc879,BSC_IOA,Linux,x86_64,6.17.0-14-generic,Dell Inc.,Precision 5690,False,False,Intel(R) Core(TM) Ultra 7 165H,16,22,4227.272727272727,62.25,52.77,1003.74,836.64,147.12,CEST,local_lianhoerschlaeger,21.0.10,OpenJDK,v22.14.0,Python 3.12.3,9.0.0,2.2.0,459
160855.76,160279.0,4151.586982328172,148099.0,171466.0,159704.9987993071,162006.52120069292,commonmain_ioa_kind-randomvalue-native,10510.56607299688,50,True,500,True,True,True,True,True,"['None', 'TryFinally', 'TimeClock', 'TimeMonotonicFunction', 'TimeMonotonicFunctionInWholeMilliseconds', 'TimeMonotonicFunctionInWholeMicroseconds', 'TimeMonotonicFunctionInWholeNanoseconds', 'TimeMonotonicGlobal', 'TimeMonotonicGlobalInWholeMilliseconds', 'TimeMonotonicGlobalInWholeMicroseconds', 'TimeMonotonicGlobalInWholeNanoseconds', 'IncrementIntCounter', 'IncrementAtomicIntCounter', 'RandomValue', 'StandardOut', 'AppendToStringBuilder', 'FileEagerFlush', 'FileLazyFlush', 'AddToList', 'AddDuplicatesToSet', 'AddUniqueToSet']",2026-04-09T12:24:26.002361,56b0d38c33758a366556822ef74eab35c62fc879,BSC_IOA,Linux,x86_64,6.17.0-14-generic,Dell Inc.,Precision 5690,False,False,Intel(R) Core(TM) Ultra 7 165H,16,22,4227.272727272727,62.25,52.77,1003.74,836.64,147.12,CEST,local_lianhoerschlaeger,21.0.10,OpenJDK,v22.14.0,Python 3.12.3,9.0.0,2.2.0,459
1112828.4,1131839.5,106549.4027983915,933289.0,1290687.0,1083294.412341953,1142362.3876580468,commonmain_ioa_kind-standardout-jar,1285.5714999968768,50,True,500,True,True,True,True,True,"['None', 'TryFinally', 'TimeClock', 'TimeMonotonicFunction', 'TimeMonotonicFunctionInWholeMilliseconds', 'TimeMonotonicFunctionInWholeMicroseconds', 'TimeMonotonicFunctionInWholeNanoseconds', 'TimeMonotonicGlobal', 'TimeMonotonicGlobalInWholeMilliseconds', 'TimeMonotonicGlobalInWholeMicroseconds', 'TimeMonotonicGlobalInWholeNanoseconds', 'IncrementIntCounter', 'IncrementAtomicIntCounter', 'RandomValue', 'StandardOut', 'AppendToStringBuilder', 'FileEagerFlush', 'FileLazyFlush', 'AddToList', 'AddDuplicatesToSet', 'AddUniqueToSet']",2026-04-09T12:24:26.002361,56b0d38c33758a366556822ef74eab35c62fc879,BSC_IOA,Linux,x86_64,6.17.0-14-generic,Dell Inc.,Precision 5690,False,False,Intel(R) Core(TM) Ultra 7 165H,16,22,4227.272727272727,62.25,52.77,1003.74,836.64,147.12,CEST,local_lianhoerschlaeger,21.0.10,OpenJDK,v22.14.0,Python 3.12.3,9.0.0,2.2.0,459
1843725.5,1862718.0,115530.44450410604,1652636.0,2112750.0,1811702.094588999,1875748.905411001,commonmain_ioa_kind-standardout-node,2518.4966159977193,50,True,500,True,True,True,True,True,"['None', 'TryFinally', 'TimeClock', 'TimeMonotonicFunction', 'TimeMonotonicFunctionInWholeMilliseconds', 'TimeMonotonicFunctionInWholeMicroseconds', 'TimeMonotonicFunctionInWholeNanoseconds', 'TimeMonotonicGlobal', 'TimeMonotonicGlobalInWholeMilliseconds', 'TimeMonotonicGlobalInWholeMicroseconds', 'TimeMonotonicGlobalInWholeNanoseconds', 'IncrementIntCounter', 'IncrementAtomicIntCounter', 'RandomValue', 'StandardOut', 'AppendToStringBuilder', 'FileEagerFlush', 'FileLazyFlush', 'AddToList', 'AddDuplicatesToSet', 'AddUniqueToSet']",2026-04-09T12:24:26.002361,56b0d38c33758a366556822ef74eab35c62fc879,BSC_IOA,Linux,x86_64,6.17.0-14-generic,Dell Inc.,Precision 5690,False,False,Intel(R) Core(TM) Ultra 7 165H,16,22,4227.272727272727,62.25,52.77,1003.74,836.64,147.12,CEST,local_lianhoerschlaeger,21.0.10,OpenJDK,v22.14.0,Python 3.12.3,9.0.0,2.2.0,459
1182062.66,1192870.0,117015.12985753559,1011749.0,1363924.0,1149627.7208051144,1214497.5991948855,commonmain_ioa_kind-standardout-native,10646.751811997092,50,True,500,True,True,True,True,True,"['None', 'TryFinally', 'TimeClock', 'TimeMonotonicFunction', 'TimeMonotonicFunctionInWholeMilliseconds', 'TimeMonotonicFunctionInWholeMicroseconds', 'TimeMonotonicFunctionInWholeNanoseconds', 'TimeMonotonicGlobal', 'TimeMonotonicGlobalInWholeMilliseconds', 'TimeMonotonicGlobalInWholeMicroseconds', 'TimeMonotonicGlobalInWholeNanoseconds', 'IncrementIntCounter', 'IncrementAtomicIntCounter', 'RandomValue', 'StandardOut', 'AppendToStringBuilder', 'FileEagerFlush', 'FileLazyFlush', 'AddToList', 'AddDuplicatesToSet', 'AddUniqueToSet']",2026-04-09T12:24:26.002361,56b0d38c33758a366556822ef74eab35c62fc879,BSC_IOA,Linux,x86_64,6.17.0-14-generic,Dell Inc.,Precision 5690,False,False,Intel(R) Core(TM) Ultra 7 165H,16,22,4227.272727272727,62.25,52.77,1003.74,836.64,147.12,CEST,local_lianhoerschlaeger,21.0.10,OpenJDK,v22.14.0,Python 3.12.3,9.0.0,2.2.0,459
217260.48,228484.0,25534.459138176077,158446.0,246216.0,210182.68902947026,224338.27097052976,commonmain_ioa_kind-appendtostringbuilder-jar,1382.0188989993767,50,True,500,True,True,True,True,True,"['None', 'TryFinally', 'TimeClock', 'TimeMonotonicFunction', 'TimeMonotonicFunctionInWholeMilliseconds', 'TimeMonotonicFunctionInWholeMicroseconds', 'TimeMonotonicFunctionInWholeNanoseconds', 'TimeMonotonicGlobal', 'TimeMonotonicGlobalInWholeMilliseconds', 'TimeMonotonicGlobalInWholeMicroseconds', 'TimeMonotonicGlobalInWholeNanoseconds', 'IncrementIntCounter', 'IncrementAtomicIntCounter', 'RandomValue', 'StandardOut', 'AppendToStringBuilder', 'FileEagerFlush', 'FileLazyFlush', 'AddToList', 'AddDuplicatesToSet', 'AddUniqueToSet']",2026-04-09T12:24:26.002361,56b0d38c33758a366556822ef74eab35c62fc879,BSC_IOA,Linux,x86_64,6.17.0-14-generic,Dell Inc.,Precision 5690,False,False,Intel(R) Core(TM) Ultra 7 165H,16,22,4227.272727272727,62.25,52.77,1003.74,836.64,147.12,CEST,local_lianhoerschlaeger,21.0.10,OpenJDK,v22.14.0,Python 3.12.3,9.0.0,2.2.0,459
357688.14,383885.0,63519.26681644214,236482.0,470340.0,340081.4975136537,375294.7824863463,commonmain_ioa_kind-appendtostringbuilder-node,2557.6523449999513,50,True,500,True,True,True,True,True,"['None', 'TryFinally', 'TimeClock', 'TimeMonotonicFunction', 'TimeMonotonicFunctionInWholeMilliseconds', 'TimeMonotonicFunctionInWholeMicroseconds', 'TimeMonotonicFunctionInWholeNanoseconds', 'TimeMonotonicGlobal', 'TimeMonotonicGlobalInWholeMilliseconds', 'TimeMonotonicGlobalInWholeMicroseconds', 'TimeMonotonicGlobalInWholeNanoseconds', 'IncrementIntCounter', 'IncrementAtomicIntCounter', 'RandomValue', 'StandardOut', 'AppendToStringBuilder', 'FileEagerFlush', 'FileLazyFlush', 'AddToList', 'AddDuplicatesToSet', 'AddUniqueToSet']",2026-04-09T12:24:26.002361,56b0d38c33758a366556822ef74eab35c62fc879,BSC_IOA,Linux,x86_64,6.17.0-14-generic,Dell Inc.,Precision 5690,False,False,Intel(R) Core(TM) Ultra 7 165H,16,22,4227.272727272727,62.25,52.77,1003.74,836.64,147.12,CEST,local_lianhoerschlaeger,21.0.10,OpenJDK,v22.14.0,Python 3.12.3,9.0.0,2.2.0,459
331155.02,340577.0,30692.997823734244,236941.0,368583.0,322647.3550567263,339662.6849432737,commonmain_ioa_kind-appendtostringbuilder-native,10591.803538998647,50,True,500,True,True,True,True,True,"['None', 'TryFinally', 'TimeClock', 'TimeMonotonicFunction', 'TimeMonotonicFunctionInWholeMilliseconds', 'TimeMonotonicFunctionInWholeMicroseconds', 'TimeMonotonicFunctionInWholeNanoseconds', 'TimeMonotonicGlobal', 'TimeMonotonicGlobalInWholeMilliseconds', 'TimeMonotonicGlobalInWholeMicroseconds', 'TimeMonotonicGlobalInWholeNanoseconds', 'IncrementIntCounter', 'IncrementAtomicIntCounter', 'RandomValue', 'StandardOut', 'AppendToStringBuilder', 'FileEagerFlush', 'FileLazyFlush', 'AddToList', 'AddDuplicatesToSet', 'AddUniqueToSet']",2026-04-09T12:24:26.002361,56b0d38c33758a366556822ef74eab35c62fc879,BSC_IOA,Linux,x86_64,6.17.0-14-generic,Dell Inc.,Precision 5690,False,False,Intel(R) Core(TM) Ultra 7 165H,16,22,4227.272727272727,62.25,52.77,1003.74,836.64,147.12,CEST,local_lianhoerschlaeger,21.0.10,OpenJDK,v22.14.0,Python 3.12.3,9.0.0,2.2.0,459
1093306.96,1085805.0,158858.7105898952,813016.0,1431462.0,1049273.571968603,1137340.348031397,commonmain_ioa_kind-fileeagerflush-jar,1225.2405600011116,50,True,500,True,True,True,True,True,"['None', 'TryFinally', 'TimeClock', 'TimeMonotonicFunction', 'TimeMonotonicFunctionInWholeMilliseconds', 'TimeMonotonicFunctionInWholeMicroseconds', 'TimeMonotonicFunctionInWholeNanoseconds', 'TimeMonotonicGlobal', 'TimeMonotonicGlobalInWholeMilliseconds', 'TimeMonotonicGlobalInWholeMicroseconds', 'TimeMonotonicGlobalInWholeNanoseconds', 'IncrementIntCounter', 'IncrementAtomicIntCounter', 'RandomValue', 'StandardOut', 'AppendToStringBuilder', 'FileEagerFlush', 'FileLazyFlush', 'AddToList', 'AddDuplicatesToSet', 'AddUniqueToSet']",2026-04-09T12:24:26.002361,56b0d38c33758a366556822ef74eab35c62fc879,BSC_IOA,Linux,x86_64,6.17.0-14-generic,Dell Inc.,Precision 5690,False,False,Intel(R) Core(TM) Ultra 7 165H,16,22,4227.272727272727,62.25,52.77,1003.74,836.64,147.12,CEST,local_lianhoerschlaeger,21.0.10,OpenJDK,v22.14.0,Python 3.12.3,9.0.0,2.2.0,459
6063198.56,6098956.0,402461.8570167283,5274059.0,7162722.0,5951641.82475994,6174755.2952400595,commonmain_ioa_kind-fileeagerflush-node,2872.718836002605,50,True,500,True,True,True,True,True,"['None', 'TryFinally', 'TimeClock', 'TimeMonotonicFunction', 'TimeMonotonicFunctionInWholeMilliseconds', 'TimeMonotonicFunctionInWholeMicroseconds', 'TimeMonotonicFunctionInWholeNanoseconds', 'TimeMonotonicGlobal', 'TimeMonotonicGlobalInWholeMilliseconds', 'TimeMonotonicGlobalInWholeMicroseconds', 'TimeMonotonicGlobalInWholeNanoseconds', 'IncrementIntCounter', 'IncrementAtomicIntCounter', 'RandomValue', 'StandardOut', 'AppendToStringBuilder', 'FileEagerFlush', 'FileLazyFlush', 'AddToList', 'AddDuplicatesToSet', 'AddUniqueToSet']",2026-04-09T12:24:26.002361,56b0d38c33758a366556822ef74eab35c62fc879,BSC_IOA,Linux,x86_64,6.17.0-14-generic,Dell Inc.,Precision 5690,False,False,Intel(R) Core(TM) Ultra 7 165H,16,22,4227.272727272727,62.25,52.77,1003.74,836.64,147.12,CEST,local_lianhoerschlaeger,21.0.10,OpenJDK,v22.14.0,Python 3.12.3,9.0.0,2.2.0,459
1857797.86,1880134.5,214265.76432609413,1478139.0,2380152.0,1798406.4202270089,1917189.2997729913,commonmain_ioa_kind-fileeagerflush-native,10970.451304001472,50,True,500,True,True,True,True,True,"['None', 'TryFinally', 'TimeClock', 'TimeMonotonicFunction', 'TimeMonotonicFunctionInWholeMilliseconds', 'TimeMonotonicFunctionInWholeMicroseconds', 'TimeMonotonicFunctionInWholeNanoseconds', 'TimeMonotonicGlobal', 'TimeMonotonicGlobalInWholeMilliseconds', 'TimeMonotonicGlobalInWholeMicroseconds', 'TimeMonotonicGlobalInWholeNanoseconds', 'IncrementIntCounter', 'IncrementAtomicIntCounter', 'RandomValue', 'StandardOut', 'AppendToStringBuilder', 'FileEagerFlush', 'FileLazyFlush', 'AddToList', 'AddDuplicatesToSet', 'AddUniqueToSet']",2026-04-09T12:24:26.002361,56b0d38c33758a366556822ef74eab35c62fc879,BSC_IOA,Linux,x86_64,6.17.0-14-generic,Dell Inc.,Precision 5690,False,False,Intel(R) Core(TM) Ultra 7 165H,16,22,4227.272727272727,62.25,52.77,1003.74,836.64,147.12,CEST,local_lianhoerschlaeger,21.0.10,OpenJDK,v22.14.0,Python 3.12.3,9.0.0,2.2.0,459
246482.48,246733.0,8223.439067168223,219051.0,262810.0,244203.05898460496,248761.90101539507,commonmain_ioa_kind-filelazyflush-jar,1304.965709001408,50,True,500,True,True,True,True,True,"['None', 'TryFinally', 'TimeClock', 'TimeMonotonicFunction', 'TimeMonotonicFunctionInWholeMilliseconds', 'TimeMonotonicFunctionInWholeMicroseconds', 'TimeMonotonicFunctionInWholeNanoseconds', 'TimeMonotonicGlobal', 'TimeMonotonicGlobalInWholeMilliseconds', 'TimeMonotonicGlobalInWholeMicroseconds', 'TimeMonotonicGlobalInWholeNanoseconds', 'IncrementIntCounter', 'IncrementAtomicIntCounter', 'RandomValue', 'StandardOut', 'AppendToStringBuilder', 'FileEagerFlush', 'FileLazyFlush', 'AddToList', 'AddDuplicatesToSet', 'AddUniqueToSet']",2026-04-09T12:24:26.002361,56b0d38c33758a366556822ef74eab35c62fc879,BSC_IOA,Linux,x86_64,6.17.0-14-generic,Dell Inc.,Precision 5690,False,False,Intel(R) Core(TM) Ultra 7 165H,16,22,4227.272727272727,62.25,52.77,1003.74,836.64,147.12,CEST,local_lianhoerschlaeger,21.0.10,OpenJDK,v22.14.0,Python 3.12.3,9.0.0,2.2.0,459
893903.62,899529.5,173514.87774720692,623672.0,1264461.0,845807.7496968125,941999.4903031875,commonmain_ioa_kind-filelazyflush-node,2672.341133998998,50,True,500,True,True,True,True,True,"['None', 'TryFinally', 'TimeClock', 'TimeMonotonicFunction', 'TimeMonotonicFunctionInWholeMilliseconds', 'TimeMonotonicFunctionInWholeMicroseconds', 'TimeMonotonicFunctionInWholeNanoseconds', 'TimeMonotonicGlobal', 'TimeMonotonicGlobalInWholeMilliseconds', 'TimeMonotonicGlobalInWholeMicroseconds', 'TimeMonotonicGlobalInWholeNanoseconds', 'IncrementIntCounter', 'IncrementAtomicIntCounter', 'RandomValue', 'StandardOut', 'AppendToStringBuilder', 'FileEagerFlush', 'FileLazyFlush', 'AddToList', 'AddDuplicatesToSet', 'AddUniqueToSet']",2026-04-09T12:24:26.002361,56b0d38c33758a366556822ef74eab35c62fc879,BSC_IOA,Linux,x86_64,6.17.0-14-generic,Dell Inc.,Precision 5690,False,False,Intel(R) Core(TM) Ultra 7 165H,16,22,4227.272727272727,62.25,52.77,1003.74,836.64,147.12,CEST,local_lianhoerschlaeger,21.0.10,OpenJDK,v22.14.0,Python 3.12.3,9.0.0,2.2.0,459
325014.98,351215.5,53942.39772295659,202895.0,380181.0,310062.91019244114,339967.0498075588,commonmain_ioa_kind-filelazyflush-native,11412.263294001605,50,True,500,True,True,True,True,True,"['None', 'TryFinally', 'TimeClock', 'TimeMonotonicFunction', 'TimeMonotonicFunctionInWholeMilliseconds', 'TimeMonotonicFunctionInWholeMicroseconds', 'TimeMonotonicFunctionInWholeNanoseconds', 'TimeMonotonicGlobal', 'TimeMonotonicGlobalInWholeMilliseconds', 'TimeMonotonicGlobalInWholeMicroseconds', 'TimeMonotonicGlobalInWholeNanoseconds', 'IncrementIntCounter', 'IncrementAtomicIntCounter', 'RandomValue', 'StandardOut', 'AppendToStringBuilder', 'FileEagerFlush', 'FileLazyFlush', 'AddToList', 'AddDuplicatesToSet', 'AddUniqueToSet']",2026-04-09T12:24:26.002361,56b0d38c33758a366556822ef74eab35c62fc879,BSC_IOA,Linux,x86_64,6.17.0-14-generic,Dell Inc.,Precision 5690,False,False,Intel(R) Core(TM) Ultra 7 165H,16,22,4227.272727272727,62.25,52.77,1003.74,836.64,147.12,CEST,local_lianhoerschlaeger,21.0.10,OpenJDK,v22.14.0,Python 3.12.3,9.0.0,2.2.0,459
178482.72,176868.0,4861.018676477311,171233.0,191133.0,177135.31436631226,179830.12563368774,commonmain_ioa_kind-addtolist-jar,1251.8763349980873,50,True,500,True,True,True,True,True,"['None', 'TryFinally', 'TimeClock', 'TimeMonotonicFunction', 'TimeMonotonicFunctionInWholeMilliseconds', 'TimeMonotonicFunctionInWholeMicroseconds', 'TimeMonotonicFunctionInWholeNanoseconds', 'TimeMonotonicGlobal', 'TimeMonotonicGlobalInWholeMilliseconds', 'TimeMonotonicGlobalInWholeMicroseconds', 'TimeMonotonicGlobalInWholeNanoseconds', 'IncrementIntCounter', 'IncrementAtomicIntCounter', 'RandomValue', 'StandardOut', 'AppendToStringBuilder', 'FileEagerFlush', 'FileLazyFlush', 'AddToList', 'AddDuplicatesToSet', 'AddUniqueToSet']",2026-04-09T12:24:26.002361,56b0d38c33758a366556822ef74eab35c62fc879,BSC_IOA,Linux,x86_64,6.17.0-14-generic,Dell Inc.,Precision 5690,False,False,Intel(R) Core(TM) Ultra 7 165H,16,22,4227.272727272727,62.25,52.77,1003.74,836.64,147.12,CEST,local_lianhoerschlaeger,21.0.10,OpenJDK,v22.14.0,Python 3.12.3,9.0.0,2.2.0,459
264916.44,274628.5,31828.891101344147,181654.0,333932.0,256093.92150371982,273738.9584962802,commonmain_ioa_kind-addtolist-node,2556.2517079997633,50,True,500,True,True,True,True,True,"['None', 'TryFinally', 'TimeClock', 'TimeMonotonicFunction', 'TimeMonotonicFunctionInWholeMilliseconds', 'TimeMonotonicFunctionInWholeMicroseconds', 'TimeMonotonicFunctionInWholeNanoseconds', 'TimeMonotonicGlobal', 'TimeMonotonicGlobalInWholeMilliseconds', 'TimeMonotonicGlobalInWholeMicroseconds', 'TimeMonotonicGlobalInWholeNanoseconds', 'IncrementIntCounter', 'IncrementAtomicIntCounter', 'RandomValue', 'StandardOut', 'AppendToStringBuilder', 'FileEagerFlush', 'FileLazyFlush', 'AddToList', 'AddDuplicatesToSet', 'AddUniqueToSet']",2026-04-09T12:24:26.002361,56b0d38c33758a366556822ef74eab35c62fc879,BSC_IOA,Linux,x86_64,6.17.0-14-generic,Dell Inc.,Precision 5690,False,False,Intel(R) Core(TM) Ultra 7 165H,16,22,4227.272727272727,62.25,52.77,1003.74,836.64,147.12,CEST,local_lianhoerschlaeger,21.0.10,OpenJDK,v22.14.0,Python 3.12.3,9.0.0,2.2.0,459
242631.02,241497.0,7201.577986065815,231541.0,261599.0,240634.84442535715,244627.19557464283,commonmain_ioa_kind-addtolist-native,11049.939083000936,50,True,500,True,True,True,True,True,"['None', 'TryFinally', 'TimeClock', 'TimeMonotonicFunction', 'TimeMonotonicFunctionInWholeMilliseconds', 'TimeMonotonicFunctionInWholeMicroseconds', 'TimeMonotonicFunctionInWholeNanoseconds', 'TimeMonotonicGlobal', 'TimeMonotonicGlobalInWholeMilliseconds', 'TimeMonotonicGlobalInWholeMicroseconds', 'TimeMonotonicGlobalInWholeNanoseconds', 'IncrementIntCounter', 'IncrementAtomicIntCounter', 'RandomValue', 'StandardOut', 'AppendToStringBuilder', 'FileEagerFlush', 'FileLazyFlush', 'AddToList', 'AddDuplicatesToSet', 'AddUniqueToSet']",2026-04-09T12:24:26.002361,56b0d38c33758a366556822ef74eab35c62fc879,BSC_IOA,Linux,x86_64,6.17.0-14-generic,Dell Inc.,Precision 5690,False,False,Intel(R) Core(TM) Ultra 7 165H,16,22,4227.272727272727,62.25,52.77,1003.74,836.64,147.12,CEST,local_lianhoerschlaeger,21.0.10,OpenJDK,v22.14.0,Python 3.12.3,9.0.0,2.2.0,459
158682.8,157960.0,5081.237218775501,150054.0,171746.0,157274.35290066825,160091.24709933173,commonmain_ioa_kind-addduplicatestoset-jar,1332.8782380012854,50,True,500,True,True,True,True,True,"['None', 'TryFinally', 'TimeClock', 'TimeMonotonicFunction', 'TimeMonotonicFunctionInWholeMilliseconds', 'TimeMonotonicFunctionInWholeMicroseconds', 'TimeMonotonicFunctionInWholeNanoseconds', 'TimeMonotonicGlobal', 'TimeMonotonicGlobalInWholeMilliseconds', 'TimeMonotonicGlobalInWholeMicroseconds', 'TimeMonotonicGlobalInWholeNanoseconds', 'IncrementIntCounter', 'IncrementAtomicIntCounter', 'RandomValue', 'StandardOut', 'AppendToStringBuilder', 'FileEagerFlush', 'FileLazyFlush', 'AddToList', 'AddDuplicatesToSet', 'AddUniqueToSet']",2026-04-09T12:24:26.002361,56b0d38c33758a366556822ef74eab35c62fc879,BSC_IOA,Linux,x86_64,6.17.0-14-generic,Dell Inc.,Precision 5690,False,False,Intel(R) Core(TM) Ultra 7 165H,16,22,4227.272727272727,62.25,52.77,1003.74,836.64,147.12,CEST,local_lianhoerschlaeger,21.0.10,OpenJDK,v22.14.0,Python 3.12.3,9.0.0,2.2.0,459
237157.08,248858.5,42106.66368991386,137712.0,295948.0,225485.70828811443,248828.45171188554,commonmain_ioa_kind-addduplicatestoset-node,2446.3344840005448,50,True,500,True,True,True,True,True,"['None', 'TryFinally', 'TimeClock', 'TimeMonotonicFunction', 'TimeMonotonicFunctionInWholeMilliseconds', 'TimeMonotonicFunctionInWholeMicroseconds', 'TimeMonotonicFunctionInWholeNanoseconds', 'TimeMonotonicGlobal', 'TimeMonotonicGlobalInWholeMilliseconds', 'TimeMonotonicGlobalInWholeMicroseconds', 'TimeMonotonicGlobalInWholeNanoseconds', 'IncrementIntCounter', 'IncrementAtomicIntCounter', 'RandomValue', 'StandardOut', 'AppendToStringBuilder', 'FileEagerFlush', 'FileLazyFlush', 'AddToList', 'AddDuplicatesToSet', 'AddUniqueToSet']",2026-04-09T12:24:26.002361,56b0d38c33758a366556822ef74eab35c62fc879,BSC_IOA,Linux,x86_64,6.17.0-14-generic,Dell Inc.,Precision 5690,False,False,Intel(R) Core(TM) Ultra 7 165H,16,22,4227.272727272727,62.25,52.77,1003.74,836.64,147.12,CEST,local_lianhoerschlaeger,21.0.10,OpenJDK,v22.14.0,Python 3.12.3,9.0.0,2.2.0,459
155712.92,155499.0,6784.387391591349,136405.0,176975.0,153832.38375833005,157593.45624166998,commonmain_ioa_kind-addduplicatestoset-native,10562.07840800198,50,True,500,True,True,True,True,True,"['None', 'TryFinally', 'TimeClock', 'TimeMonotonicFunction', 'TimeMonotonicFunctionInWholeMilliseconds', 'TimeMonotonicFunctionInWholeMicroseconds', 'TimeMonotonicFunctionInWholeNanoseconds', 'TimeMonotonicGlobal', 'TimeMonotonicGlobalInWholeMilliseconds', 'TimeMonotonicGlobalInWholeMicroseconds', 'TimeMonotonicGlobalInWholeNanoseconds', 'IncrementIntCounter', 'IncrementAtomicIntCounter', 'RandomValue', 'StandardOut', 'AppendToStringBuilder', 'FileEagerFlush', 'FileLazyFlush', 'AddToList', 'AddDuplicatesToSet', 'AddUniqueToSet']",2026-04-09T12:24:26.002361,56b0d38c33758a366556822ef74eab35c62fc879,BSC_IOA,Linux,x86_64,6.17.0-14-generic,Dell Inc.,Precision 5690,False,False,Intel(R) Core(TM) Ultra 7 165H,16,22,4227.272727272727,62.25,52.77,1003.74,836.64,147.12,CEST,local_lianhoerschlaeger,21.0.10,OpenJDK,v22.14.0,Python 3.12.3,9.0.0,2.2.0,459
326577.16,323321.0,15341.579522969329,303188.0,362579.0,322324.69111339666,330829.6288866033,commonmain_ioa_kind-adduniquetoset-jar,1281.5273429987428,50,True,500,True,True,True,True,True,"['None', 'TryFinally', 'TimeClock', 'TimeMonotonicFunction', 'TimeMonotonicFunctionInWholeMilliseconds', 'TimeMonotonicFunctionInWholeMicroseconds', 'TimeMonotonicFunctionInWholeNanoseconds', 'TimeMonotonicGlobal', 'TimeMonotonicGlobalInWholeMilliseconds', 'TimeMonotonicGlobalInWholeMicroseconds', 'TimeMonotonicGlobalInWholeNanoseconds', 'IncrementIntCounter', 'IncrementAtomicIntCounter', 'RandomValue', 'StandardOut', 'AppendToStringBuilder', 'FileEagerFlush', 'FileLazyFlush', 'AddToList', 'AddDuplicatesToSet', 'AddUniqueToSet']",2026-04-09T12:24:26.002361,56b0d38c33758a366556822ef74eab35c62fc879,BSC_IOA,Linux,x86_64,6.17.0-14-generic,Dell Inc.,Precision 5690,False,False,Intel(R) Core(TM) Ultra 7 165H,16,22,4227.272727272727,62.25,52.77,1003.74,836.64,147.12,CEST,local_lianhoerschlaeger,21.0.10,OpenJDK,v22.14.0,Python 3.12.3,9.0.0,2.2.0,459
741400.32,742284.0,20746.538548207143,688556.0,790807.0,735649.6729073145,747150.9670926854,commonmain_ioa_kind-adduniquetoset-node,2448.90480200047,50,True,500,True,True,True,True,True,"['None', 'TryFinally', 'TimeClock', 'TimeMonotonicFunction', 'TimeMonotonicFunctionInWholeMilliseconds', 'TimeMonotonicFunctionInWholeMicroseconds', 'TimeMonotonicFunctionInWholeNanoseconds', 'TimeMonotonicGlobal', 'TimeMonotonicGlobalInWholeMilliseconds', 'TimeMonotonicGlobalInWholeMicroseconds', 'TimeMonotonicGlobalInWholeNanoseconds', 'IncrementIntCounter', 'IncrementAtomicIntCounter', 'RandomValue', 'StandardOut', 'AppendToStringBuilder', 'FileEagerFlush', 'FileLazyFlush', 'AddToList', 'AddDuplicatesToSet', 'AddUniqueToSet']",2026-04-09T12:24:26.002361,56b0d38c33758a366556822ef74eab35c62fc879,BSC_IOA,Linux,x86_64,6.17.0-14-generic,Dell Inc.,Precision 5690,False,False,Intel(R) Core(TM) Ultra 7 165H,16,22,4227.272727272727,62.25,52.77,1003.74,836.64,147.12,CEST,local_lianhoerschlaeger,21.0.10,OpenJDK,v22.14.0,Python 3.12.3,9.0.0,2.2.0,459
534143.86,530785.5,15900.41883161624,503063.0,568222.0,529736.4887600194,538551.2312399806,commonmain_ioa_kind-adduniquetoset-native,10217.076997996628,50,True,500,True,True,True,True,True,"['None', 'TryFinally', 'TimeClock', 'TimeMonotonicFunction', 'TimeMonotonicFunctionInWholeMilliseconds', 'TimeMonotonicFunctionInWholeMicroseconds', 'TimeMonotonicFunctionInWholeNanoseconds', 'TimeMonotonicGlobal', 'TimeMonotonicGlobalInWholeMilliseconds', 'TimeMonotonicGlobalInWholeMicroseconds', 'TimeMonotonicGlobalInWholeNanoseconds', 'IncrementIntCounter', 'IncrementAtomicIntCounter', 'RandomValue', 'StandardOut', 'AppendToStringBuilder', 'FileEagerFlush', 'FileLazyFlush', 'AddToList', 'AddDuplicatesToSet', 'AddUniqueToSet']",2026-04-09T12:24:26.002361,56b0d38c33758a366556822ef74eab35c62fc879,BSC_IOA,Linux,x86_64,6.17.0-14-generic,Dell Inc.,Precision 5690,False,False,Intel(R) Core(TM) Ultra 7 165H,16,22,4227.272727272727,62.25,52.77,1003.74,836.64,147.12,CEST,local_lianhoerschlaeger,21.0.10,OpenJDK,v22.14.0,Python 3.12.3,9.0.0,2.2.0,459
