mean,median,stddev,min,max,ci95_lower,ci95_upper,executable,buildTimeMs,RepetitionCount,CleanBuild,StepCount,CILabel,Reference,IOA,JVM,JS,Native,IoaKinds,CollectionTimestamp,GitCommitHash,GitBranch,DeviceManufacturer,DeviceModel,IsVirtualMachine,OS,OSArchitecture,WindowsBuildNumber,TimeZone,Username,BIOSVersion,BIOSManufacturer,SecureBootEnabled,HyperVEnabled,CPU,CPUCores,CPULogicalProcessors,CPUMaxClockSpeedMHz,TotalRAMGB,AvailableRAMGB,RAMModuleCount,RAMSpeedMHz,RAMManufacturer,RAMPartNumber,RAMModuleCapacitiesGB,DiskModel,DiskSizeGB,DiskMediaType,DiskInterfaceType,SystemDriveFreeSpaceGB,PowerPlan,SystemUptimeHours,RunningProcessCount,WindowsDefenderEnabled,WindowsDefenderRealTimeProtection,PythonVersion,JavaVersion,NodeVersion,GradleVersion,KotlinVersion
114607.512,112921.0,10957.330329310993,93250.0,163881.0,113249.22726011375,115965.79673988625,commonmain-plain-jar,9061.999999999898,250,True,500,local,True,True,True,True,True,"['None', 'TryFinally', 'TimeClock', 'TimeMonotonicFunction', 'TimeMonotonicFunctionInWholeMilliseconds', 'TimeMonotonicFunctionInWholeMicroseconds', 'TimeMonotonicFunctionInWholeNanoseconds', 'TimeMonotonicGlobal', 'TimeMonotonicGlobalInWholeMilliseconds', 'TimeMonotonicGlobalInWholeMicroseconds', 'TimeMonotonicGlobalInWholeNanoseconds', 'TimeMonotonicGlobalReducedObjects', 'IncrementIntCounter', 'IncrementAtomicIntCounter', 'RandomValue', 'StandardOut', 'AppendToStringBuilder', 'FileEagerFlush', 'FileLazyFlush', 'AddToList', 'AddDuplicatesToSet', 'AddUniqueToSet', 'PocTryFinallyIncrementInt']",2026-07-03 10:40:05,fe09cc8cc0451dca8e066defbb9c3928c0f368fd,BSC_IOA,Dell Inc.,Precision 5570,False,Microsoft Windows 11 Enterprise 10.0.26200,64-bit,26200,W. Europe Standard Time,lian.hoerschlaeger,1.38.0,Dell Inc.,Unknown,Unknown,12th Gen Intel(R) Core(TM) i7-12800H,14,20,2400,31.68,20.87,2,4800,80AD000080AD,HMCG78MEBSA092N,16.0 + 16.0,Micron 3400 NVMe 1024GB,953.86,Fixed hard disk media,SCSI,858.33,Not available,Not available,249,True,True,3.12.10,21.0.9,v25.9.0,Gradle 9.0.0,Kotlin:        2.2.0
106232.656,102865.0,10590.321907576197,97236.0,161561.0,104919.86609541306,107545.44590458694,commonmain-plain-node,9453.000000000202,250,True,500,local,True,True,True,True,True,"['None', 'TryFinally', 'TimeClock', 'TimeMonotonicFunction', 'TimeMonotonicFunctionInWholeMilliseconds', 'TimeMonotonicFunctionInWholeMicroseconds', 'TimeMonotonicFunctionInWholeNanoseconds', 'TimeMonotonicGlobal', 'TimeMonotonicGlobalInWholeMilliseconds', 'TimeMonotonicGlobalInWholeMicroseconds', 'TimeMonotonicGlobalInWholeNanoseconds', 'TimeMonotonicGlobalReducedObjects', 'IncrementIntCounter', 'IncrementAtomicIntCounter', 'RandomValue', 'StandardOut', 'AppendToStringBuilder', 'FileEagerFlush', 'FileLazyFlush', 'AddToList', 'AddDuplicatesToSet', 'AddUniqueToSet', 'PocTryFinallyIncrementInt']",2026-07-03 10:40:05,fe09cc8cc0451dca8e066defbb9c3928c0f368fd,BSC_IOA,Dell Inc.,Precision 5570,False,Microsoft Windows 11 Enterprise 10.0.26200,64-bit,26200,W. Europe Standard Time,lian.hoerschlaeger,1.38.0,Dell Inc.,Unknown,Unknown,12th Gen Intel(R) Core(TM) i7-12800H,14,20,2400,31.68,20.87,2,4800,80AD000080AD,HMCG78MEBSA092N,16.0 + 16.0,Micron 3400 NVMe 1024GB,953.86,Fixed hard disk media,SCSI,858.33,Not available,Not available,249,True,True,3.12.10,21.0.9,v25.9.0,Gradle 9.0.0,Kotlin:        2.2.0
156555.824,154706.5,6490.540666663019,148866.0,206790.0,155751.24824329797,157360.399756702,commonmain-plain-win-exe,162171.9999999998,250,True,500,local,True,True,True,True,True,"['None', 'TryFinally', 'TimeClock', 'TimeMonotonicFunction', 'TimeMonotonicFunctionInWholeMilliseconds', 'TimeMonotonicFunctionInWholeMicroseconds', 'TimeMonotonicFunctionInWholeNanoseconds', 'TimeMonotonicGlobal', 'TimeMonotonicGlobalInWholeMilliseconds', 'TimeMonotonicGlobalInWholeMicroseconds', 'TimeMonotonicGlobalInWholeNanoseconds', 'TimeMonotonicGlobalReducedObjects', 'IncrementIntCounter', 'IncrementAtomicIntCounter', 'RandomValue', 'StandardOut', 'AppendToStringBuilder', 'FileEagerFlush', 'FileLazyFlush', 'AddToList', 'AddDuplicatesToSet', 'AddUniqueToSet', 'PocTryFinallyIncrementInt']",2026-07-03 10:40:05,fe09cc8cc0451dca8e066defbb9c3928c0f368fd,BSC_IOA,Dell Inc.,Precision 5570,False,Microsoft Windows 11 Enterprise 10.0.26200,64-bit,26200,W. Europe Standard Time,lian.hoerschlaeger,1.38.0,Dell Inc.,Unknown,Unknown,12th Gen Intel(R) Core(TM) i7-12800H,14,20,2400,31.68,20.87,2,4800,80AD000080AD,HMCG78MEBSA092N,16.0 + 16.0,Micron 3400 NVMe 1024GB,953.86,Fixed hard disk media,SCSI,858.33,Not available,Not available,249,True,True,3.12.10,21.0.9,v25.9.0,Gradle 9.0.0,Kotlin:        2.2.0
103205.164,102661.0,4096.108749123071,94982.0,119594.0,102697.40509891389,103712.92290108612,commonmain-ioa-kind-none-jar,7202.9999999999745,250,True,500,local,True,True,True,True,True,"['None', 'TryFinally', 'TimeClock', 'TimeMonotonicFunction', 'TimeMonotonicFunctionInWholeMilliseconds', 'TimeMonotonicFunctionInWholeMicroseconds', 'TimeMonotonicFunctionInWholeNanoseconds', 'TimeMonotonicGlobal', 'TimeMonotonicGlobalInWholeMilliseconds', 'TimeMonotonicGlobalInWholeMicroseconds', 'TimeMonotonicGlobalInWholeNanoseconds', 'TimeMonotonicGlobalReducedObjects', 'IncrementIntCounter', 'IncrementAtomicIntCounter', 'RandomValue', 'StandardOut', 'AppendToStringBuilder', 'FileEagerFlush', 'FileLazyFlush', 'AddToList', 'AddDuplicatesToSet', 'AddUniqueToSet', 'PocTryFinallyIncrementInt']",2026-07-03 10:40:05,fe09cc8cc0451dca8e066defbb9c3928c0f368fd,BSC_IOA,Dell Inc.,Precision 5570,False,Microsoft Windows 11 Enterprise 10.0.26200,64-bit,26200,W. Europe Standard Time,lian.hoerschlaeger,1.38.0,Dell Inc.,Unknown,Unknown,12th Gen Intel(R) Core(TM) i7-12800H,14,20,2400,31.68,20.87,2,4800,80AD000080AD,HMCG78MEBSA092N,16.0 + 16.0,Micron 3400 NVMe 1024GB,953.86,Fixed hard disk media,SCSI,858.33,Not available,Not available,249,True,True,3.12.10,21.0.9,v25.9.0,Gradle 9.0.0,Kotlin:        2.2.0
102510.152,99290.5,9765.56290175063,94168.0,143963.0,101299.60028099554,103720.70371900446,commonmain-ioa-kind-none-node,7047.0000000000255,250,True,500,local,True,True,True,True,True,"['None', 'TryFinally', 'TimeClock', 'TimeMonotonicFunction', 'TimeMonotonicFunctionInWholeMilliseconds', 'TimeMonotonicFunctionInWholeMicroseconds', 'TimeMonotonicFunctionInWholeNanoseconds', 'TimeMonotonicGlobal', 'TimeMonotonicGlobalInWholeMilliseconds', 'TimeMonotonicGlobalInWholeMicroseconds', 'TimeMonotonicGlobalInWholeNanoseconds', 'TimeMonotonicGlobalReducedObjects', 'IncrementIntCounter', 'IncrementAtomicIntCounter', 'RandomValue', 'StandardOut', 'AppendToStringBuilder', 'FileEagerFlush', 'FileLazyFlush', 'AddToList', 'AddDuplicatesToSet', 'AddUniqueToSet', 'PocTryFinallyIncrementInt']",2026-07-03 10:40:05,fe09cc8cc0451dca8e066defbb9c3928c0f368fd,BSC_IOA,Dell Inc.,Precision 5570,False,Microsoft Windows 11 Enterprise 10.0.26200,64-bit,26200,W. Europe Standard Time,lian.hoerschlaeger,1.38.0,Dell Inc.,Unknown,Unknown,12th Gen Intel(R) Core(TM) i7-12800H,14,20,2400,31.68,20.87,2,4800,80AD000080AD,HMCG78MEBSA092N,16.0 + 16.0,Micron 3400 NVMe 1024GB,953.86,Fixed hard disk media,SCSI,858.33,Not available,Not available,249,True,True,3.12.10,21.0.9,v25.9.0,Gradle 9.0.0,Kotlin:        2.2.0
150247.828,149284.0,3988.6077940749983,143488.0,165535.0,149753.39505536284,150742.26094463718,commonmain-ioa-kind-none-win-exe,218359.9999999999,250,True,500,local,True,True,True,True,True,"['None', 'TryFinally', 'TimeClock', 'TimeMonotonicFunction', 'TimeMonotonicFunctionInWholeMilliseconds', 'TimeMonotonicFunctionInWholeMicroseconds', 'TimeMonotonicFunctionInWholeNanoseconds', 'TimeMonotonicGlobal', 'TimeMonotonicGlobalInWholeMilliseconds', 'TimeMonotonicGlobalInWholeMicroseconds', 'TimeMonotonicGlobalInWholeNanoseconds', 'TimeMonotonicGlobalReducedObjects', 'IncrementIntCounter', 'IncrementAtomicIntCounter', 'RandomValue', 'StandardOut', 'AppendToStringBuilder', 'FileEagerFlush', 'FileLazyFlush', 'AddToList', 'AddDuplicatesToSet', 'AddUniqueToSet', 'PocTryFinallyIncrementInt']",2026-07-03 10:40:05,fe09cc8cc0451dca8e066defbb9c3928c0f368fd,BSC_IOA,Dell Inc.,Precision 5570,False,Microsoft Windows 11 Enterprise 10.0.26200,64-bit,26200,W. Europe Standard Time,lian.hoerschlaeger,1.38.0,Dell Inc.,Unknown,Unknown,12th Gen Intel(R) Core(TM) i7-12800H,14,20,2400,31.68,20.87,2,4800,80AD000080AD,HMCG78MEBSA092N,16.0 + 16.0,Micron 3400 NVMe 1024GB,953.86,Fixed hard disk media,SCSI,858.33,Not available,Not available,249,True,True,3.12.10,21.0.9,v25.9.0,Gradle 9.0.0,Kotlin:        2.2.0
99043.4,98398.5,4400.833234357615,90866.0,120225.0,98497.86706037307,99588.93293962692,commonmain-ioa-kind-tryfinally-jar,6093.000000000075,250,True,500,local,True,True,True,True,True,"['None', 'TryFinally', 'TimeClock', 'TimeMonotonicFunction', 'TimeMonotonicFunctionInWholeMilliseconds', 'TimeMonotonicFunctionInWholeMicroseconds', 'TimeMonotonicFunctionInWholeNanoseconds', 'TimeMonotonicGlobal', 'TimeMonotonicGlobalInWholeMilliseconds', 'TimeMonotonicGlobalInWholeMicroseconds', 'TimeMonotonicGlobalInWholeNanoseconds', 'TimeMonotonicGlobalReducedObjects', 'IncrementIntCounter', 'IncrementAtomicIntCounter', 'RandomValue', 'StandardOut', 'AppendToStringBuilder', 'FileEagerFlush', 'FileLazyFlush', 'AddToList', 'AddDuplicatesToSet', 'AddUniqueToSet', 'PocTryFinallyIncrementInt']",2026-07-03 10:40:05,fe09cc8cc0451dca8e066defbb9c3928c0f368fd,BSC_IOA,Dell Inc.,Precision 5570,False,Microsoft Windows 11 Enterprise 10.0.26200,64-bit,26200,W. Europe Standard Time,lian.hoerschlaeger,1.38.0,Dell Inc.,Unknown,Unknown,12th Gen Intel(R) Core(TM) i7-12800H,14,20,2400,31.68,20.87,2,4800,80AD000080AD,HMCG78MEBSA092N,16.0 + 16.0,Micron 3400 NVMe 1024GB,953.86,Fixed hard disk media,SCSI,858.33,Not available,Not available,249,True,True,3.12.10,21.0.9,v25.9.0,Gradle 9.0.0,Kotlin:        2.2.0
116248.556,126619.0,16028.260502055455,92643.0,140269.0,114261.67224341324,118235.43975658675,commonmain-ioa-kind-tryfinally-node,6047.0000000000255,250,True,500,local,True,True,True,True,True,"['None', 'TryFinally', 'TimeClock', 'TimeMonotonicFunction', 'TimeMonotonicFunctionInWholeMilliseconds', 'TimeMonotonicFunctionInWholeMicroseconds', 'TimeMonotonicFunctionInWholeNanoseconds', 'TimeMonotonicGlobal', 'TimeMonotonicGlobalInWholeMilliseconds', 'TimeMonotonicGlobalInWholeMicroseconds', 'TimeMonotonicGlobalInWholeNanoseconds', 'TimeMonotonicGlobalReducedObjects', 'IncrementIntCounter', 'IncrementAtomicIntCounter', 'RandomValue', 'StandardOut', 'AppendToStringBuilder', 'FileEagerFlush', 'FileLazyFlush', 'AddToList', 'AddDuplicatesToSet', 'AddUniqueToSet', 'PocTryFinallyIncrementInt']",2026-07-03 10:40:05,fe09cc8cc0451dca8e066defbb9c3928c0f368fd,BSC_IOA,Dell Inc.,Precision 5570,False,Microsoft Windows 11 Enterprise 10.0.26200,64-bit,26200,W. Europe Standard Time,lian.hoerschlaeger,1.38.0,Dell Inc.,Unknown,Unknown,12th Gen Intel(R) Core(TM) i7-12800H,14,20,2400,31.68,20.87,2,4800,80AD000080AD,HMCG78MEBSA092N,16.0 + 16.0,Micron 3400 NVMe 1024GB,953.86,Fixed hard disk media,SCSI,858.33,Not available,Not available,249,True,True,3.12.10,21.0.9,v25.9.0,Gradle 9.0.0,Kotlin:        2.2.0
148963.252,148073.0,3726.8439457104605,140241.0,168196.0,148501.2676381838,149425.2363618162,commonmain-ioa-kind-tryfinally-win-exe,28077.999999999975,250,True,500,local,True,True,True,True,True,"['None', 'TryFinally', 'TimeClock', 'TimeMonotonicFunction', 'TimeMonotonicFunctionInWholeMilliseconds', 'TimeMonotonicFunctionInWholeMicroseconds', 'TimeMonotonicFunctionInWholeNanoseconds', 'TimeMonotonicGlobal', 'TimeMonotonicGlobalInWholeMilliseconds', 'TimeMonotonicGlobalInWholeMicroseconds', 'TimeMonotonicGlobalInWholeNanoseconds', 'TimeMonotonicGlobalReducedObjects', 'IncrementIntCounter', 'IncrementAtomicIntCounter', 'RandomValue', 'StandardOut', 'AppendToStringBuilder', 'FileEagerFlush', 'FileLazyFlush', 'AddToList', 'AddDuplicatesToSet', 'AddUniqueToSet', 'PocTryFinallyIncrementInt']",2026-07-03 10:40:05,fe09cc8cc0451dca8e066defbb9c3928c0f368fd,BSC_IOA,Dell Inc.,Precision 5570,False,Microsoft Windows 11 Enterprise 10.0.26200,64-bit,26200,W. Europe Standard Time,lian.hoerschlaeger,1.38.0,Dell Inc.,Unknown,Unknown,12th Gen Intel(R) Core(TM) i7-12800H,14,20,2400,31.68,20.87,2,4800,80AD000080AD,HMCG78MEBSA092N,16.0 + 16.0,Micron 3400 NVMe 1024GB,953.86,Fixed hard disk media,SCSI,858.33,Not available,Not available,249,True,True,3.12.10,21.0.9,v25.9.0,Gradle 9.0.0,Kotlin:        2.2.0
189521.348,188048.5,6438.787988272926,176851.0,214415.0,188723.18757177607,190319.50842822393,commonmain-ioa-kind-timeclock-jar,6625.0,250,True,500,local,True,True,True,True,True,"['None', 'TryFinally', 'TimeClock', 'TimeMonotonicFunction', 'TimeMonotonicFunctionInWholeMilliseconds', 'TimeMonotonicFunctionInWholeMicroseconds', 'TimeMonotonicFunctionInWholeNanoseconds', 'TimeMonotonicGlobal', 'TimeMonotonicGlobalInWholeMilliseconds', 'TimeMonotonicGlobalInWholeMicroseconds', 'TimeMonotonicGlobalInWholeNanoseconds', 'TimeMonotonicGlobalReducedObjects', 'IncrementIntCounter', 'IncrementAtomicIntCounter', 'RandomValue', 'StandardOut', 'AppendToStringBuilder', 'FileEagerFlush', 'FileLazyFlush', 'AddToList', 'AddDuplicatesToSet', 'AddUniqueToSet', 'PocTryFinallyIncrementInt']",2026-07-03 10:40:05,fe09cc8cc0451dca8e066defbb9c3928c0f368fd,BSC_IOA,Dell Inc.,Precision 5570,False,Microsoft Windows 11 Enterprise 10.0.26200,64-bit,26200,W. Europe Standard Time,lian.hoerschlaeger,1.38.0,Dell Inc.,Unknown,Unknown,12th Gen Intel(R) Core(TM) i7-12800H,14,20,2400,31.68,20.87,2,4800,80AD000080AD,HMCG78MEBSA092N,16.0 + 16.0,Micron 3400 NVMe 1024GB,953.86,Fixed hard disk media,SCSI,858.33,Not available,Not available,249,True,True,3.12.10,21.0.9,v25.9.0,Gradle 9.0.0,Kotlin:        2.2.0
6380862.508,6373297.5,93030.6944349775,5941148.0,6823723.0,6369330.303640511,6392394.71235949,commonmain-ioa-kind-timeclock-node,7937.9999999998745,250,True,500,local,True,True,True,True,True,"['None', 'TryFinally', 'TimeClock', 'TimeMonotonicFunction', 'TimeMonotonicFunctionInWholeMilliseconds', 'TimeMonotonicFunctionInWholeMicroseconds', 'TimeMonotonicFunctionInWholeNanoseconds', 'TimeMonotonicGlobal', 'TimeMonotonicGlobalInWholeMilliseconds', 'TimeMonotonicGlobalInWholeMicroseconds', 'TimeMonotonicGlobalInWholeNanoseconds', 'TimeMonotonicGlobalReducedObjects', 'IncrementIntCounter', 'IncrementAtomicIntCounter', 'RandomValue', 'StandardOut', 'AppendToStringBuilder', 'FileEagerFlush', 'FileLazyFlush', 'AddToList', 'AddDuplicatesToSet', 'AddUniqueToSet', 'PocTryFinallyIncrementInt']",2026-07-03 10:40:05,fe09cc8cc0451dca8e066defbb9c3928c0f368fd,BSC_IOA,Dell Inc.,Precision 5570,False,Microsoft Windows 11 Enterprise 10.0.26200,64-bit,26200,W. Europe Standard Time,lian.hoerschlaeger,1.38.0,Dell Inc.,Unknown,Unknown,12th Gen Intel(R) Core(TM) i7-12800H,14,20,2400,31.68,20.87,2,4800,80AD000080AD,HMCG78MEBSA092N,16.0 + 16.0,Micron 3400 NVMe 1024GB,953.86,Fixed hard disk media,SCSI,858.33,Not available,Not available,249,True,True,3.12.10,21.0.9,v25.9.0,Gradle 9.0.0,Kotlin:        2.2.0
478733.076,477459.5,8783.516825824505,458748.0,506239.0,477644.2599737881,479821.8920262119,commonmain-ioa-kind-timeclock-win-exe,22672.000000000025,250,True,500,local,True,True,True,True,True,"['None', 'TryFinally', 'TimeClock', 'TimeMonotonicFunction', 'TimeMonotonicFunctionInWholeMilliseconds', 'TimeMonotonicFunctionInWholeMicroseconds', 'TimeMonotonicFunctionInWholeNanoseconds', 'TimeMonotonicGlobal', 'TimeMonotonicGlobalInWholeMilliseconds', 'TimeMonotonicGlobalInWholeMicroseconds', 'TimeMonotonicGlobalInWholeNanoseconds', 'TimeMonotonicGlobalReducedObjects', 'IncrementIntCounter', 'IncrementAtomicIntCounter', 'RandomValue', 'StandardOut', 'AppendToStringBuilder', 'FileEagerFlush', 'FileLazyFlush', 'AddToList', 'AddDuplicatesToSet', 'AddUniqueToSet', 'PocTryFinallyIncrementInt']",2026-07-03 10:40:05,fe09cc8cc0451dca8e066defbb9c3928c0f368fd,BSC_IOA,Dell Inc.,Precision 5570,False,Microsoft Windows 11 Enterprise 10.0.26200,64-bit,26200,W. Europe Standard Time,lian.hoerschlaeger,1.38.0,Dell Inc.,Unknown,Unknown,12th Gen Intel(R) Core(TM) i7-12800H,14,20,2400,31.68,20.87,2,4800,80AD000080AD,HMCG78MEBSA092N,16.0 + 16.0,Micron 3400 NVMe 1024GB,953.86,Fixed hard disk media,SCSI,858.33,Not available,Not available,249,True,True,3.12.10,21.0.9,v25.9.0,Gradle 9.0.0,Kotlin:        2.2.0
189872.128,189584.5,4827.747220860898,177849.0,204783.0,189273.67425432964,190470.58174567035,commonmain-ioa-kind-timemonotonicfunction-jar,6437.0000000001255,250,True,500,local,True,True,True,True,True,"['None', 'TryFinally', 'TimeClock', 'TimeMonotonicFunction', 'TimeMonotonicFunctionInWholeMilliseconds', 'TimeMonotonicFunctionInWholeMicroseconds', 'TimeMonotonicFunctionInWholeNanoseconds', 'TimeMonotonicGlobal', 'TimeMonotonicGlobalInWholeMilliseconds', 'TimeMonotonicGlobalInWholeMicroseconds', 'TimeMonotonicGlobalInWholeNanoseconds', 'TimeMonotonicGlobalReducedObjects', 'IncrementIntCounter', 'IncrementAtomicIntCounter', 'RandomValue', 'StandardOut', 'AppendToStringBuilder', 'FileEagerFlush', 'FileLazyFlush', 'AddToList', 'AddDuplicatesToSet', 'AddUniqueToSet', 'PocTryFinallyIncrementInt']",2026-07-03 10:40:05,fe09cc8cc0451dca8e066defbb9c3928c0f368fd,BSC_IOA,Dell Inc.,Precision 5570,False,Microsoft Windows 11 Enterprise 10.0.26200,64-bit,26200,W. Europe Standard Time,lian.hoerschlaeger,1.38.0,Dell Inc.,Unknown,Unknown,12th Gen Intel(R) Core(TM) i7-12800H,14,20,2400,31.68,20.87,2,4800,80AD000080AD,HMCG78MEBSA092N,16.0 + 16.0,Micron 3400 NVMe 1024GB,953.86,Fixed hard disk media,SCSI,858.33,Not available,Not available,249,True,True,3.12.10,21.0.9,v25.9.0,Gradle 9.0.0,Kotlin:        2.2.0
1142482.56,1139895.0,17567.791991374695,1104271.0,1207376.0,1140304.8339428098,1144660.2860571903,commonmain-ioa-kind-timemonotonicfunction-node,5796.999999999798,250,True,500,local,True,True,True,True,True,"['None', 'TryFinally', 'TimeClock', 'TimeMonotonicFunction', 'TimeMonotonicFunctionInWholeMilliseconds', 'TimeMonotonicFunctionInWholeMicroseconds', 'TimeMonotonicFunctionInWholeNanoseconds', 'TimeMonotonicGlobal', 'TimeMonotonicGlobalInWholeMilliseconds', 'TimeMonotonicGlobalInWholeMicroseconds', 'TimeMonotonicGlobalInWholeNanoseconds', 'TimeMonotonicGlobalReducedObjects', 'IncrementIntCounter', 'IncrementAtomicIntCounter', 'RandomValue', 'StandardOut', 'AppendToStringBuilder', 'FileEagerFlush', 'FileLazyFlush', 'AddToList', 'AddDuplicatesToSet', 'AddUniqueToSet', 'PocTryFinallyIncrementInt']",2026-07-03 10:40:05,fe09cc8cc0451dca8e066defbb9c3928c0f368fd,BSC_IOA,Dell Inc.,Precision 5570,False,Microsoft Windows 11 Enterprise 10.0.26200,64-bit,26200,W. Europe Standard Time,lian.hoerschlaeger,1.38.0,Dell Inc.,Unknown,Unknown,12th Gen Intel(R) Core(TM) i7-12800H,14,20,2400,31.68,20.87,2,4800,80AD000080AD,HMCG78MEBSA092N,16.0 + 16.0,Micron 3400 NVMe 1024GB,953.86,Fixed hard disk media,SCSI,858.33,Not available,Not available,249,True,True,3.12.10,21.0.9,v25.9.0,Gradle 9.0.0,Kotlin:        2.2.0
327729.176,326364.0,5842.716403601638,318596.0,345503.0,327004.9053709339,328453.4466290661,commonmain-ioa-kind-timemonotonicfunction-win-exe,22375.0,250,True,500,local,True,True,True,True,True,"['None', 'TryFinally', 'TimeClock', 'TimeMonotonicFunction', 'TimeMonotonicFunctionInWholeMilliseconds', 'TimeMonotonicFunctionInWholeMicroseconds', 'TimeMonotonicFunctionInWholeNanoseconds', 'TimeMonotonicGlobal', 'TimeMonotonicGlobalInWholeMilliseconds', 'TimeMonotonicGlobalInWholeMicroseconds', 'TimeMonotonicGlobalInWholeNanoseconds', 'TimeMonotonicGlobalReducedObjects', 'IncrementIntCounter', 'IncrementAtomicIntCounter', 'RandomValue', 'StandardOut', 'AppendToStringBuilder', 'FileEagerFlush', 'FileLazyFlush', 'AddToList', 'AddDuplicatesToSet', 'AddUniqueToSet', 'PocTryFinallyIncrementInt']",2026-07-03 10:40:05,fe09cc8cc0451dca8e066defbb9c3928c0f368fd,BSC_IOA,Dell Inc.,Precision 5570,False,Microsoft Windows 11 Enterprise 10.0.26200,64-bit,26200,W. Europe Standard Time,lian.hoerschlaeger,1.38.0,Dell Inc.,Unknown,Unknown,12th Gen Intel(R) Core(TM) i7-12800H,14,20,2400,31.68,20.87,2,4800,80AD000080AD,HMCG78MEBSA092N,16.0 + 16.0,Micron 3400 NVMe 1024GB,953.86,Fixed hard disk media,SCSI,858.33,Not available,Not available,249,True,True,3.12.10,21.0.9,v25.9.0,Gradle 9.0.0,Kotlin:        2.2.0
209869.668,209711.5,4212.768731286971,199671.0,224767.0,209347.44777770093,210391.88822229908,commonmain-ioa-kind-timemonotonicfunctioninwholemilliseconds-jar,4062.0000000001255,250,True,500,local,True,True,True,True,True,"['None', 'TryFinally', 'TimeClock', 'TimeMonotonicFunction', 'TimeMonotonicFunctionInWholeMilliseconds', 'TimeMonotonicFunctionInWholeMicroseconds', 'TimeMonotonicFunctionInWholeNanoseconds', 'TimeMonotonicGlobal', 'TimeMonotonicGlobalInWholeMilliseconds', 'TimeMonotonicGlobalInWholeMicroseconds', 'TimeMonotonicGlobalInWholeNanoseconds', 'TimeMonotonicGlobalReducedObjects', 'IncrementIntCounter', 'IncrementAtomicIntCounter', 'RandomValue', 'StandardOut', 'AppendToStringBuilder', 'FileEagerFlush', 'FileLazyFlush', 'AddToList', 'AddDuplicatesToSet', 'AddUniqueToSet', 'PocTryFinallyIncrementInt']",2026-07-03 10:40:05,fe09cc8cc0451dca8e066defbb9c3928c0f368fd,BSC_IOA,Dell Inc.,Precision 5570,False,Microsoft Windows 11 Enterprise 10.0.26200,64-bit,26200,W. Europe Standard Time,lian.hoerschlaeger,1.38.0,Dell Inc.,Unknown,Unknown,12th Gen Intel(R) Core(TM) i7-12800H,14,20,2400,31.68,20.87,2,4800,80AD000080AD,HMCG78MEBSA092N,16.0 + 16.0,Micron 3400 NVMe 1024GB,953.86,Fixed hard disk media,SCSI,858.33,Not available,Not available,249,True,True,3.12.10,21.0.9,v25.9.0,Gradle 9.0.0,Kotlin:        2.2.0
1328306.692,1324820.0,29855.99480863414,1252502.0,1538995.0,1324605.7045401065,1332007.6794598936,commonmain-ioa-kind-timemonotonicfunctioninwholemilliseconds-node,5422.0000000000255,250,True,500,local,True,True,True,True,True,"['None', 'TryFinally', 'TimeClock', 'TimeMonotonicFunction', 'TimeMonotonicFunctionInWholeMilliseconds', 'TimeMonotonicFunctionInWholeMicroseconds', 'TimeMonotonicFunctionInWholeNanoseconds', 'TimeMonotonicGlobal', 'TimeMonotonicGlobalInWholeMilliseconds', 'TimeMonotonicGlobalInWholeMicroseconds', 'TimeMonotonicGlobalInWholeNanoseconds', 'TimeMonotonicGlobalReducedObjects', 'IncrementIntCounter', 'IncrementAtomicIntCounter', 'RandomValue', 'StandardOut', 'AppendToStringBuilder', 'FileEagerFlush', 'FileLazyFlush', 'AddToList', 'AddDuplicatesToSet', 'AddUniqueToSet', 'PocTryFinallyIncrementInt']",2026-07-03 10:40:05,fe09cc8cc0451dca8e066defbb9c3928c0f368fd,BSC_IOA,Dell Inc.,Precision 5570,False,Microsoft Windows 11 Enterprise 10.0.26200,64-bit,26200,W. Europe Standard Time,lian.hoerschlaeger,1.38.0,Dell Inc.,Unknown,Unknown,12th Gen Intel(R) Core(TM) i7-12800H,14,20,2400,31.68,20.87,2,4800,80AD000080AD,HMCG78MEBSA092N,16.0 + 16.0,Micron 3400 NVMe 1024GB,953.86,Fixed hard disk media,SCSI,858.33,Not available,Not available,249,True,True,3.12.10,21.0.9,v25.9.0,Gradle 9.0.0,Kotlin:        2.2.0
345999.052,345467.0,7085.958659900244,332689.0,378470.0,345120.66746417375,346877.4365358263,commonmain-ioa-kind-timemonotonicfunctioninwholemilliseconds-win-exe,23937.999999999876,250,True,500,local,True,True,True,True,True,"['None', 'TryFinally', 'TimeClock', 'TimeMonotonicFunction', 'TimeMonotonicFunctionInWholeMilliseconds', 'TimeMonotonicFunctionInWholeMicroseconds', 'TimeMonotonicFunctionInWholeNanoseconds', 'TimeMonotonicGlobal', 'TimeMonotonicGlobalInWholeMilliseconds', 'TimeMonotonicGlobalInWholeMicroseconds', 'TimeMonotonicGlobalInWholeNanoseconds', 'TimeMonotonicGlobalReducedObjects', 'IncrementIntCounter', 'IncrementAtomicIntCounter', 'RandomValue', 'StandardOut', 'AppendToStringBuilder', 'FileEagerFlush', 'FileLazyFlush', 'AddToList', 'AddDuplicatesToSet', 'AddUniqueToSet', 'PocTryFinallyIncrementInt']",2026-07-03 10:40:05,fe09cc8cc0451dca8e066defbb9c3928c0f368fd,BSC_IOA,Dell Inc.,Precision 5570,False,Microsoft Windows 11 Enterprise 10.0.26200,64-bit,26200,W. Europe Standard Time,lian.hoerschlaeger,1.38.0,Dell Inc.,Unknown,Unknown,12th Gen Intel(R) Core(TM) i7-12800H,14,20,2400,31.68,20.87,2,4800,80AD000080AD,HMCG78MEBSA092N,16.0 + 16.0,Micron 3400 NVMe 1024GB,953.86,Fixed hard disk media,SCSI,858.33,Not available,Not available,249,True,True,3.12.10,21.0.9,v25.9.0,Gradle 9.0.0,Kotlin:        2.2.0
209945.78,204902.5,22019.59327005644,193140.0,399363.0,207216.20293895138,212675.35706104862,commonmain-ioa-kind-timemonotonicfunctioninwholemicroseconds-jar,4202.9999999999745,250,True,500,local,True,True,True,True,True,"['None', 'TryFinally', 'TimeClock', 'TimeMonotonicFunction', 'TimeMonotonicFunctionInWholeMilliseconds', 'TimeMonotonicFunctionInWholeMicroseconds', 'TimeMonotonicFunctionInWholeNanoseconds', 'TimeMonotonicGlobal', 'TimeMonotonicGlobalInWholeMilliseconds', 'TimeMonotonicGlobalInWholeMicroseconds', 'TimeMonotonicGlobalInWholeNanoseconds', 'TimeMonotonicGlobalReducedObjects', 'IncrementIntCounter', 'IncrementAtomicIntCounter', 'RandomValue', 'StandardOut', 'AppendToStringBuilder', 'FileEagerFlush', 'FileLazyFlush', 'AddToList', 'AddDuplicatesToSet', 'AddUniqueToSet', 'PocTryFinallyIncrementInt']",2026-07-03 10:40:05,fe09cc8cc0451dca8e066defbb9c3928c0f368fd,BSC_IOA,Dell Inc.,Precision 5570,False,Microsoft Windows 11 Enterprise 10.0.26200,64-bit,26200,W. Europe Standard Time,lian.hoerschlaeger,1.38.0,Dell Inc.,Unknown,Unknown,12th Gen Intel(R) Core(TM) i7-12800H,14,20,2400,31.68,20.87,2,4800,80AD000080AD,HMCG78MEBSA092N,16.0 + 16.0,Micron 3400 NVMe 1024GB,953.86,Fixed hard disk media,SCSI,858.33,Not available,Not available,249,True,True,3.12.10,21.0.9,v25.9.0,Gradle 9.0.0,Kotlin:        2.2.0
1479298.272,1457795.5,97571.80351405809,1372251.0,2267368.0,1467203.1459270183,1491393.398072982,commonmain-ioa-kind-timemonotonicfunctioninwholemicroseconds-node,4891.000000000076,250,True,500,local,True,True,True,True,True,"['None', 'TryFinally', 'TimeClock', 'TimeMonotonicFunction', 'TimeMonotonicFunctionInWholeMilliseconds', 'TimeMonotonicFunctionInWholeMicroseconds', 'TimeMonotonicFunctionInWholeNanoseconds', 'TimeMonotonicGlobal', 'TimeMonotonicGlobalInWholeMilliseconds', 'TimeMonotonicGlobalInWholeMicroseconds', 'TimeMonotonicGlobalInWholeNanoseconds', 'TimeMonotonicGlobalReducedObjects', 'IncrementIntCounter', 'IncrementAtomicIntCounter', 'RandomValue', 'StandardOut', 'AppendToStringBuilder', 'FileEagerFlush', 'FileLazyFlush', 'AddToList', 'AddDuplicatesToSet', 'AddUniqueToSet', 'PocTryFinallyIncrementInt']",2026-07-03 10:40:05,fe09cc8cc0451dca8e066defbb9c3928c0f368fd,BSC_IOA,Dell Inc.,Precision 5570,False,Microsoft Windows 11 Enterprise 10.0.26200,64-bit,26200,W. Europe Standard Time,lian.hoerschlaeger,1.38.0,Dell Inc.,Unknown,Unknown,12th Gen Intel(R) Core(TM) i7-12800H,14,20,2400,31.68,20.87,2,4800,80AD000080AD,HMCG78MEBSA092N,16.0 + 16.0,Micron 3400 NVMe 1024GB,953.86,Fixed hard disk media,SCSI,858.33,Not available,Not available,249,True,True,3.12.10,21.0.9,v25.9.0,Gradle 9.0.0,Kotlin:        2.2.0
336242.84,335692.0,5336.4374092921935,322841.0,359122.0,335581.3283652718,336904.35163472826,commonmain-ioa-kind-timemonotonicfunctioninwholemicroseconds-win-exe,19625.0,250,True,500,local,True,True,True,True,True,"['None', 'TryFinally', 'TimeClock', 'TimeMonotonicFunction', 'TimeMonotonicFunctionInWholeMilliseconds', 'TimeMonotonicFunctionInWholeMicroseconds', 'TimeMonotonicFunctionInWholeNanoseconds', 'TimeMonotonicGlobal', 'TimeMonotonicGlobalInWholeMilliseconds', 'TimeMonotonicGlobalInWholeMicroseconds', 'TimeMonotonicGlobalInWholeNanoseconds', 'TimeMonotonicGlobalReducedObjects', 'IncrementIntCounter', 'IncrementAtomicIntCounter', 'RandomValue', 'StandardOut', 'AppendToStringBuilder', 'FileEagerFlush', 'FileLazyFlush', 'AddToList', 'AddDuplicatesToSet', 'AddUniqueToSet', 'PocTryFinallyIncrementInt']",2026-07-03 10:40:05,fe09cc8cc0451dca8e066defbb9c3928c0f368fd,BSC_IOA,Dell Inc.,Precision 5570,False,Microsoft Windows 11 Enterprise 10.0.26200,64-bit,26200,W. Europe Standard Time,lian.hoerschlaeger,1.38.0,Dell Inc.,Unknown,Unknown,12th Gen Intel(R) Core(TM) i7-12800H,14,20,2400,31.68,20.87,2,4800,80AD000080AD,HMCG78MEBSA092N,16.0 + 16.0,Micron 3400 NVMe 1024GB,953.86,Fixed hard disk media,SCSI,858.33,Not available,Not available,249,True,True,3.12.10,21.0.9,v25.9.0,Gradle 9.0.0,Kotlin:        2.2.0
192279.288,192190.0,3969.1335742675014,181170.0,207386.0,191787.2691046605,192771.3068953395,commonmain-ioa-kind-timemonotonicfunctioninwholenanoseconds-jar,3844.000000000051,250,True,500,local,True,True,True,True,True,"['None', 'TryFinally', 'TimeClock', 'TimeMonotonicFunction', 'TimeMonotonicFunctionInWholeMilliseconds', 'TimeMonotonicFunctionInWholeMicroseconds', 'TimeMonotonicFunctionInWholeNanoseconds', 'TimeMonotonicGlobal', 'TimeMonotonicGlobalInWholeMilliseconds', 'TimeMonotonicGlobalInWholeMicroseconds', 'TimeMonotonicGlobalInWholeNanoseconds', 'TimeMonotonicGlobalReducedObjects', 'IncrementIntCounter', 'IncrementAtomicIntCounter', 'RandomValue', 'StandardOut', 'AppendToStringBuilder', 'FileEagerFlush', 'FileLazyFlush', 'AddToList', 'AddDuplicatesToSet', 'AddUniqueToSet', 'PocTryFinallyIncrementInt']",2026-07-03 10:40:05,fe09cc8cc0451dca8e066defbb9c3928c0f368fd,BSC_IOA,Dell Inc.,Precision 5570,False,Microsoft Windows 11 Enterprise 10.0.26200,64-bit,26200,W. Europe Standard Time,lian.hoerschlaeger,1.38.0,Dell Inc.,Unknown,Unknown,12th Gen Intel(R) Core(TM) i7-12800H,14,20,2400,31.68,20.87,2,4800,80AD000080AD,HMCG78MEBSA092N,16.0 + 16.0,Micron 3400 NVMe 1024GB,953.86,Fixed hard disk media,SCSI,858.33,Not available,Not available,249,True,True,3.12.10,21.0.9,v25.9.0,Gradle 9.0.0,Kotlin:        2.2.0
1186947.248,1186748.0,29726.519181179152,1129944.0,1267002.0,1183262.3105051685,1190632.1854948313,commonmain-ioa-kind-timemonotonicfunctioninwholenanoseconds-node,5172.0000000000255,250,True,500,local,True,True,True,True,True,"['None', 'TryFinally', 'TimeClock', 'TimeMonotonicFunction', 'TimeMonotonicFunctionInWholeMilliseconds', 'TimeMonotonicFunctionInWholeMicroseconds', 'TimeMonotonicFunctionInWholeNanoseconds', 'TimeMonotonicGlobal', 'TimeMonotonicGlobalInWholeMilliseconds', 'TimeMonotonicGlobalInWholeMicroseconds', 'TimeMonotonicGlobalInWholeNanoseconds', 'TimeMonotonicGlobalReducedObjects', 'IncrementIntCounter', 'IncrementAtomicIntCounter', 'RandomValue', 'StandardOut', 'AppendToStringBuilder', 'FileEagerFlush', 'FileLazyFlush', 'AddToList', 'AddDuplicatesToSet', 'AddUniqueToSet', 'PocTryFinallyIncrementInt']",2026-07-03 10:40:05,fe09cc8cc0451dca8e066defbb9c3928c0f368fd,BSC_IOA,Dell Inc.,Precision 5570,False,Microsoft Windows 11 Enterprise 10.0.26200,64-bit,26200,W. Europe Standard Time,lian.hoerschlaeger,1.38.0,Dell Inc.,Unknown,Unknown,12th Gen Intel(R) Core(TM) i7-12800H,14,20,2400,31.68,20.87,2,4800,80AD000080AD,HMCG78MEBSA092N,16.0 + 16.0,Micron 3400 NVMe 1024GB,953.86,Fixed hard disk media,SCSI,858.33,Not available,Not available,249,True,True,3.12.10,21.0.9,v25.9.0,Gradle 9.0.0,Kotlin:        2.2.0
331349.544,329682.0,7804.599136328471,319473.0,362956.0,330382.07586778107,332317.0121322189,commonmain-ioa-kind-timemonotonicfunctioninwholenanoseconds-win-exe,20875.0,250,True,500,local,True,True,True,True,True,"['None', 'TryFinally', 'TimeClock', 'TimeMonotonicFunction', 'TimeMonotonicFunctionInWholeMilliseconds', 'TimeMonotonicFunctionInWholeMicroseconds', 'TimeMonotonicFunctionInWholeNanoseconds', 'TimeMonotonicGlobal', 'TimeMonotonicGlobalInWholeMilliseconds', 'TimeMonotonicGlobalInWholeMicroseconds', 'TimeMonotonicGlobalInWholeNanoseconds', 'TimeMonotonicGlobalReducedObjects', 'IncrementIntCounter', 'IncrementAtomicIntCounter', 'RandomValue', 'StandardOut', 'AppendToStringBuilder', 'FileEagerFlush', 'FileLazyFlush', 'AddToList', 'AddDuplicatesToSet', 'AddUniqueToSet', 'PocTryFinallyIncrementInt']",2026-07-03 10:40:05,fe09cc8cc0451dca8e066defbb9c3928c0f368fd,BSC_IOA,Dell Inc.,Precision 5570,False,Microsoft Windows 11 Enterprise 10.0.26200,64-bit,26200,W. Europe Standard Time,lian.hoerschlaeger,1.38.0,Dell Inc.,Unknown,Unknown,12th Gen Intel(R) Core(TM) i7-12800H,14,20,2400,31.68,20.87,2,4800,80AD000080AD,HMCG78MEBSA092N,16.0 + 16.0,Micron 3400 NVMe 1024GB,953.86,Fixed hard disk media,SCSI,858.33,Not available,Not available,249,True,True,3.12.10,21.0.9,v25.9.0,Gradle 9.0.0,Kotlin:        2.2.0
195761.42,195243.5,3684.939181953862,188317.0,207872.0,195304.63020651648,196218.20979348355,commonmain-ioa-kind-timemonotonicglobal-jar,4188.000000000102,250,True,500,local,True,True,True,True,True,"['None', 'TryFinally', 'TimeClock', 'TimeMonotonicFunction', 'TimeMonotonicFunctionInWholeMilliseconds', 'TimeMonotonicFunctionInWholeMicroseconds', 'TimeMonotonicFunctionInWholeNanoseconds', 'TimeMonotonicGlobal', 'TimeMonotonicGlobalInWholeMilliseconds', 'TimeMonotonicGlobalInWholeMicroseconds', 'TimeMonotonicGlobalInWholeNanoseconds', 'TimeMonotonicGlobalReducedObjects', 'IncrementIntCounter', 'IncrementAtomicIntCounter', 'RandomValue', 'StandardOut', 'AppendToStringBuilder', 'FileEagerFlush', 'FileLazyFlush', 'AddToList', 'AddDuplicatesToSet', 'AddUniqueToSet', 'PocTryFinallyIncrementInt']",2026-07-03 10:40:05,fe09cc8cc0451dca8e066defbb9c3928c0f368fd,BSC_IOA,Dell Inc.,Precision 5570,False,Microsoft Windows 11 Enterprise 10.0.26200,64-bit,26200,W. Europe Standard Time,lian.hoerschlaeger,1.38.0,Dell Inc.,Unknown,Unknown,12th Gen Intel(R) Core(TM) i7-12800H,14,20,2400,31.68,20.87,2,4800,80AD000080AD,HMCG78MEBSA092N,16.0 + 16.0,Micron 3400 NVMe 1024GB,953.86,Fixed hard disk media,SCSI,858.33,Not available,Not available,249,True,True,3.12.10,21.0.9,v25.9.0,Gradle 9.0.0,Kotlin:        2.2.0
2252319.116,2248551.0,38507.35353398503,2133407.0,2418636.0,2247545.6950017572,2257092.5369982426,commonmain-ioa-kind-timemonotonicglobal-node,5030.999999999949,250,True,500,local,True,True,True,True,True,"['None', 'TryFinally', 'TimeClock', 'TimeMonotonicFunction', 'TimeMonotonicFunctionInWholeMilliseconds', 'TimeMonotonicFunctionInWholeMicroseconds', 'TimeMonotonicFunctionInWholeNanoseconds', 'TimeMonotonicGlobal', 'TimeMonotonicGlobalInWholeMilliseconds', 'TimeMonotonicGlobalInWholeMicroseconds', 'TimeMonotonicGlobalInWholeNanoseconds', 'TimeMonotonicGlobalReducedObjects', 'IncrementIntCounter', 'IncrementAtomicIntCounter', 'RandomValue', 'StandardOut', 'AppendToStringBuilder', 'FileEagerFlush', 'FileLazyFlush', 'AddToList', 'AddDuplicatesToSet', 'AddUniqueToSet', 'PocTryFinallyIncrementInt']",2026-07-03 10:40:05,fe09cc8cc0451dca8e066defbb9c3928c0f368fd,BSC_IOA,Dell Inc.,Precision 5570,False,Microsoft Windows 11 Enterprise 10.0.26200,64-bit,26200,W. Europe Standard Time,lian.hoerschlaeger,1.38.0,Dell Inc.,Unknown,Unknown,12th Gen Intel(R) Core(TM) i7-12800H,14,20,2400,31.68,20.87,2,4800,80AD000080AD,HMCG78MEBSA092N,16.0 + 16.0,Micron 3400 NVMe 1024GB,953.86,Fixed hard disk media,SCSI,858.33,Not available,Not available,249,True,True,3.12.10,21.0.9,v25.9.0,Gradle 9.0.0,Kotlin:        2.2.0
539207.748,536903.0,11805.396254909776,519230.0,597829.0,537744.3359188236,540671.1600811764,commonmain-ioa-kind-timemonotonicglobal-win-exe,24094.00000000005,250,True,500,local,True,True,True,True,True,"['None', 'TryFinally', 'TimeClock', 'TimeMonotonicFunction', 'TimeMonotonicFunctionInWholeMilliseconds', 'TimeMonotonicFunctionInWholeMicroseconds', 'TimeMonotonicFunctionInWholeNanoseconds', 'TimeMonotonicGlobal', 'TimeMonotonicGlobalInWholeMilliseconds', 'TimeMonotonicGlobalInWholeMicroseconds', 'TimeMonotonicGlobalInWholeNanoseconds', 'TimeMonotonicGlobalReducedObjects', 'IncrementIntCounter', 'IncrementAtomicIntCounter', 'RandomValue', 'StandardOut', 'AppendToStringBuilder', 'FileEagerFlush', 'FileLazyFlush', 'AddToList', 'AddDuplicatesToSet', 'AddUniqueToSet', 'PocTryFinallyIncrementInt']",2026-07-03 10:40:05,fe09cc8cc0451dca8e066defbb9c3928c0f368fd,BSC_IOA,Dell Inc.,Precision 5570,False,Microsoft Windows 11 Enterprise 10.0.26200,64-bit,26200,W. Europe Standard Time,lian.hoerschlaeger,1.38.0,Dell Inc.,Unknown,Unknown,12th Gen Intel(R) Core(TM) i7-12800H,14,20,2400,31.68,20.87,2,4800,80AD000080AD,HMCG78MEBSA092N,16.0 + 16.0,Micron 3400 NVMe 1024GB,953.86,Fixed hard disk media,SCSI,858.33,Not available,Not available,249,True,True,3.12.10,21.0.9,v25.9.0,Gradle 9.0.0,Kotlin:        2.2.0
201382.34,200578.5,5190.094834002918,190934.0,222634.0,200738.96917884928,202025.71082115071,commonmain-ioa-kind-timemonotonicglobalinwholemilliseconds-jar,4170.999999999822,250,True,500,local,True,True,True,True,True,"['None', 'TryFinally', 'TimeClock', 'TimeMonotonicFunction', 'TimeMonotonicFunctionInWholeMilliseconds', 'TimeMonotonicFunctionInWholeMicroseconds', 'TimeMonotonicFunctionInWholeNanoseconds', 'TimeMonotonicGlobal', 'TimeMonotonicGlobalInWholeMilliseconds', 'TimeMonotonicGlobalInWholeMicroseconds', 'TimeMonotonicGlobalInWholeNanoseconds', 'TimeMonotonicGlobalReducedObjects', 'IncrementIntCounter', 'IncrementAtomicIntCounter', 'RandomValue', 'StandardOut', 'AppendToStringBuilder', 'FileEagerFlush', 'FileLazyFlush', 'AddToList', 'AddDuplicatesToSet', 'AddUniqueToSet', 'PocTryFinallyIncrementInt']",2026-07-03 10:40:05,fe09cc8cc0451dca8e066defbb9c3928c0f368fd,BSC_IOA,Dell Inc.,Precision 5570,False,Microsoft Windows 11 Enterprise 10.0.26200,64-bit,26200,W. Europe Standard Time,lian.hoerschlaeger,1.38.0,Dell Inc.,Unknown,Unknown,12th Gen Intel(R) Core(TM) i7-12800H,14,20,2400,31.68,20.87,2,4800,80AD000080AD,HMCG78MEBSA092N,16.0 + 16.0,Micron 3400 NVMe 1024GB,953.86,Fixed hard disk media,SCSI,858.33,Not available,Not available,249,True,True,3.12.10,21.0.9,v25.9.0,Gradle 9.0.0,Kotlin:        2.2.0
2426827.584,2423155.0,40878.62828536344,2301036.0,2578231.0,2421760.2167381984,2431894.951261801,commonmain-ioa-kind-timemonotonicglobalinwholemilliseconds-node,5141.000000000076,250,True,500,local,True,True,True,True,True,"['None', 'TryFinally', 'TimeClock', 'TimeMonotonicFunction', 'TimeMonotonicFunctionInWholeMilliseconds', 'TimeMonotonicFunctionInWholeMicroseconds', 'TimeMonotonicFunctionInWholeNanoseconds', 'TimeMonotonicGlobal', 'TimeMonotonicGlobalInWholeMilliseconds', 'TimeMonotonicGlobalInWholeMicroseconds', 'TimeMonotonicGlobalInWholeNanoseconds', 'TimeMonotonicGlobalReducedObjects', 'IncrementIntCounter', 'IncrementAtomicIntCounter', 'RandomValue', 'StandardOut', 'AppendToStringBuilder', 'FileEagerFlush', 'FileLazyFlush', 'AddToList', 'AddDuplicatesToSet', 'AddUniqueToSet', 'PocTryFinallyIncrementInt']",2026-07-03 10:40:05,fe09cc8cc0451dca8e066defbb9c3928c0f368fd,BSC_IOA,Dell Inc.,Precision 5570,False,Microsoft Windows 11 Enterprise 10.0.26200,64-bit,26200,W. Europe Standard Time,lian.hoerschlaeger,1.38.0,Dell Inc.,Unknown,Unknown,12th Gen Intel(R) Core(TM) i7-12800H,14,20,2400,31.68,20.87,2,4800,80AD000080AD,HMCG78MEBSA092N,16.0 + 16.0,Micron 3400 NVMe 1024GB,953.86,Fixed hard disk media,SCSI,858.33,Not available,Not available,249,True,True,3.12.10,21.0.9,v25.9.0,Gradle 9.0.0,Kotlin:        2.2.0
589738.496,588532.0,9034.70607654406,572446.0,631741.0,588618.542231672,590858.4497683281,commonmain-ioa-kind-timemonotonicglobalinwholemilliseconds-win-exe,22952.999999999975,250,True,500,local,True,True,True,True,True,"['None', 'TryFinally', 'TimeClock', 'TimeMonotonicFunction', 'TimeMonotonicFunctionInWholeMilliseconds', 'TimeMonotonicFunctionInWholeMicroseconds', 'TimeMonotonicFunctionInWholeNanoseconds', 'TimeMonotonicGlobal', 'TimeMonotonicGlobalInWholeMilliseconds', 'TimeMonotonicGlobalInWholeMicroseconds', 'TimeMonotonicGlobalInWholeNanoseconds', 'TimeMonotonicGlobalReducedObjects', 'IncrementIntCounter', 'IncrementAtomicIntCounter', 'RandomValue', 'StandardOut', 'AppendToStringBuilder', 'FileEagerFlush', 'FileLazyFlush', 'AddToList', 'AddDuplicatesToSet', 'AddUniqueToSet', 'PocTryFinallyIncrementInt']",2026-07-03 10:40:05,fe09cc8cc0451dca8e066defbb9c3928c0f368fd,BSC_IOA,Dell Inc.,Precision 5570,False,Microsoft Windows 11 Enterprise 10.0.26200,64-bit,26200,W. Europe Standard Time,lian.hoerschlaeger,1.38.0,Dell Inc.,Unknown,Unknown,12th Gen Intel(R) Core(TM) i7-12800H,14,20,2400,31.68,20.87,2,4800,80AD000080AD,HMCG78MEBSA092N,16.0 + 16.0,Micron 3400 NVMe 1024GB,953.86,Fixed hard disk media,SCSI,858.33,Not available,Not available,249,True,True,3.12.10,21.0.9,v25.9.0,Gradle 9.0.0,Kotlin:        2.2.0
206281.5,205518.5,4968.635728043661,197277.0,223636.0,205665.58153403917,206897.41846596083,commonmain-ioa-kind-timemonotonicglobalinwholemicroseconds-jar,4108.999999999924,250,True,500,local,True,True,True,True,True,"['None', 'TryFinally', 'TimeClock', 'TimeMonotonicFunction', 'TimeMonotonicFunctionInWholeMilliseconds', 'TimeMonotonicFunctionInWholeMicroseconds', 'TimeMonotonicFunctionInWholeNanoseconds', 'TimeMonotonicGlobal', 'TimeMonotonicGlobalInWholeMilliseconds', 'TimeMonotonicGlobalInWholeMicroseconds', 'TimeMonotonicGlobalInWholeNanoseconds', 'TimeMonotonicGlobalReducedObjects', 'IncrementIntCounter', 'IncrementAtomicIntCounter', 'RandomValue', 'StandardOut', 'AppendToStringBuilder', 'FileEagerFlush', 'FileLazyFlush', 'AddToList', 'AddDuplicatesToSet', 'AddUniqueToSet', 'PocTryFinallyIncrementInt']",2026-07-03 10:40:05,fe09cc8cc0451dca8e066defbb9c3928c0f368fd,BSC_IOA,Dell Inc.,Precision 5570,False,Microsoft Windows 11 Enterprise 10.0.26200,64-bit,26200,W. Europe Standard Time,lian.hoerschlaeger,1.38.0,Dell Inc.,Unknown,Unknown,12th Gen Intel(R) Core(TM) i7-12800H,14,20,2400,31.68,20.87,2,4800,80AD000080AD,HMCG78MEBSA092N,16.0 + 16.0,Micron 3400 NVMe 1024GB,953.86,Fixed hard disk media,SCSI,858.33,Not available,Not available,249,True,True,3.12.10,21.0.9,v25.9.0,Gradle 9.0.0,Kotlin:        2.2.0
2485607.9,2480493.5,39030.50191695667,2401617.0,2657737.0,2480769.6288563358,2490446.171143664,commonmain-ioa-kind-timemonotonicglobalinwholemicroseconds-node,5172.0000000000255,250,True,500,local,True,True,True,True,True,"['None', 'TryFinally', 'TimeClock', 'TimeMonotonicFunction', 'TimeMonotonicFunctionInWholeMilliseconds', 'TimeMonotonicFunctionInWholeMicroseconds', 'TimeMonotonicFunctionInWholeNanoseconds', 'TimeMonotonicGlobal', 'TimeMonotonicGlobalInWholeMilliseconds', 'TimeMonotonicGlobalInWholeMicroseconds', 'TimeMonotonicGlobalInWholeNanoseconds', 'TimeMonotonicGlobalReducedObjects', 'IncrementIntCounter', 'IncrementAtomicIntCounter', 'RandomValue', 'StandardOut', 'AppendToStringBuilder', 'FileEagerFlush', 'FileLazyFlush', 'AddToList', 'AddDuplicatesToSet', 'AddUniqueToSet', 'PocTryFinallyIncrementInt']",2026-07-03 10:40:05,fe09cc8cc0451dca8e066defbb9c3928c0f368fd,BSC_IOA,Dell Inc.,Precision 5570,False,Microsoft Windows 11 Enterprise 10.0.26200,64-bit,26200,W. Europe Standard Time,lian.hoerschlaeger,1.38.0,Dell Inc.,Unknown,Unknown,12th Gen Intel(R) Core(TM) i7-12800H,14,20,2400,31.68,20.87,2,4800,80AD000080AD,HMCG78MEBSA092N,16.0 + 16.0,Micron 3400 NVMe 1024GB,953.86,Fixed hard disk media,SCSI,858.33,Not available,Not available,249,True,True,3.12.10,21.0.9,v25.9.0,Gradle 9.0.0,Kotlin:        2.2.0
575021.384,574006.0,7820.083967938351,558417.0,608917.0,574051.9963481679,575990.771651832,commonmain-ioa-kind-timemonotonicglobalinwholemicroseconds-win-exe,19483.999999999924,250,True,500,local,True,True,True,True,True,"['None', 'TryFinally', 'TimeClock', 'TimeMonotonicFunction', 'TimeMonotonicFunctionInWholeMilliseconds', 'TimeMonotonicFunctionInWholeMicroseconds', 'TimeMonotonicFunctionInWholeNanoseconds', 'TimeMonotonicGlobal', 'TimeMonotonicGlobalInWholeMilliseconds', 'TimeMonotonicGlobalInWholeMicroseconds', 'TimeMonotonicGlobalInWholeNanoseconds', 'TimeMonotonicGlobalReducedObjects', 'IncrementIntCounter', 'IncrementAtomicIntCounter', 'RandomValue', 'StandardOut', 'AppendToStringBuilder', 'FileEagerFlush', 'FileLazyFlush', 'AddToList', 'AddDuplicatesToSet', 'AddUniqueToSet', 'PocTryFinallyIncrementInt']",2026-07-03 10:40:05,fe09cc8cc0451dca8e066defbb9c3928c0f368fd,BSC_IOA,Dell Inc.,Precision 5570,False,Microsoft Windows 11 Enterprise 10.0.26200,64-bit,26200,W. Europe Standard Time,lian.hoerschlaeger,1.38.0,Dell Inc.,Unknown,Unknown,12th Gen Intel(R) Core(TM) i7-12800H,14,20,2400,31.68,20.87,2,4800,80AD000080AD,HMCG78MEBSA092N,16.0 + 16.0,Micron 3400 NVMe 1024GB,953.86,Fixed hard disk media,SCSI,858.33,Not available,Not available,249,True,True,3.12.10,21.0.9,v25.9.0,Gradle 9.0.0,Kotlin:        2.2.0
197331.056,197265.0,3980.054496617878,186999.0,211433.0,196837.68333310043,197824.4286668996,commonmain-ioa-kind-timemonotonicglobalinwholenanoseconds-jar,4000.0,250,True,500,local,True,True,True,True,True,"['None', 'TryFinally', 'TimeClock', 'TimeMonotonicFunction', 'TimeMonotonicFunctionInWholeMilliseconds', 'TimeMonotonicFunctionInWholeMicroseconds', 'TimeMonotonicFunctionInWholeNanoseconds', 'TimeMonotonicGlobal', 'TimeMonotonicGlobalInWholeMilliseconds', 'TimeMonotonicGlobalInWholeMicroseconds', 'TimeMonotonicGlobalInWholeNanoseconds', 'TimeMonotonicGlobalReducedObjects', 'IncrementIntCounter', 'IncrementAtomicIntCounter', 'RandomValue', 'StandardOut', 'AppendToStringBuilder', 'FileEagerFlush', 'FileLazyFlush', 'AddToList', 'AddDuplicatesToSet', 'AddUniqueToSet', 'PocTryFinallyIncrementInt']",2026-07-03 10:40:05,fe09cc8cc0451dca8e066defbb9c3928c0f368fd,BSC_IOA,Dell Inc.,Precision 5570,False,Microsoft Windows 11 Enterprise 10.0.26200,64-bit,26200,W. Europe Standard Time,lian.hoerschlaeger,1.38.0,Dell Inc.,Unknown,Unknown,12th Gen Intel(R) Core(TM) i7-12800H,14,20,2400,31.68,20.87,2,4800,80AD000080AD,HMCG78MEBSA092N,16.0 + 16.0,Micron 3400 NVMe 1024GB,953.86,Fixed hard disk media,SCSI,858.33,Not available,Not available,249,True,True,3.12.10,21.0.9,v25.9.0,Gradle 9.0.0,Kotlin:        2.2.0
2266037.9,2263832.0,41963.2872979872,2150050.0,2393178.0,2260836.0770139894,2271239.7229860104,commonmain-ioa-kind-timemonotonicglobalinwholenanoseconds-node,5391.000000000076,250,True,500,local,True,True,True,True,True,"['None', 'TryFinally', 'TimeClock', 'TimeMonotonicFunction', 'TimeMonotonicFunctionInWholeMilliseconds', 'TimeMonotonicFunctionInWholeMicroseconds', 'TimeMonotonicFunctionInWholeNanoseconds', 'TimeMonotonicGlobal', 'TimeMonotonicGlobalInWholeMilliseconds', 'TimeMonotonicGlobalInWholeMicroseconds', 'TimeMonotonicGlobalInWholeNanoseconds', 'TimeMonotonicGlobalReducedObjects', 'IncrementIntCounter', 'IncrementAtomicIntCounter', 'RandomValue', 'StandardOut', 'AppendToStringBuilder', 'FileEagerFlush', 'FileLazyFlush', 'AddToList', 'AddDuplicatesToSet', 'AddUniqueToSet', 'PocTryFinallyIncrementInt']",2026-07-03 10:40:05,fe09cc8cc0451dca8e066defbb9c3928c0f368fd,BSC_IOA,Dell Inc.,Precision 5570,False,Microsoft Windows 11 Enterprise 10.0.26200,64-bit,26200,W. Europe Standard Time,lian.hoerschlaeger,1.38.0,Dell Inc.,Unknown,Unknown,12th Gen Intel(R) Core(TM) i7-12800H,14,20,2400,31.68,20.87,2,4800,80AD000080AD,HMCG78MEBSA092N,16.0 + 16.0,Micron 3400 NVMe 1024GB,953.86,Fixed hard disk media,SCSI,858.33,Not available,Not available,249,True,True,3.12.10,21.0.9,v25.9.0,Gradle 9.0.0,Kotlin:        2.2.0
552083.604,551243.0,9691.232621606416,534111.0,587217.0,550882.266357983,553284.9416420171,commonmain-ioa-kind-timemonotonicglobalinwholenanoseconds-win-exe,23561.999999999898,250,True,500,local,True,True,True,True,True,"['None', 'TryFinally', 'TimeClock', 'TimeMonotonicFunction', 'TimeMonotonicFunctionInWholeMilliseconds', 'TimeMonotonicFunctionInWholeMicroseconds', 'TimeMonotonicFunctionInWholeNanoseconds', 'TimeMonotonicGlobal', 'TimeMonotonicGlobalInWholeMilliseconds', 'TimeMonotonicGlobalInWholeMicroseconds', 'TimeMonotonicGlobalInWholeNanoseconds', 'TimeMonotonicGlobalReducedObjects', 'IncrementIntCounter', 'IncrementAtomicIntCounter', 'RandomValue', 'StandardOut', 'AppendToStringBuilder', 'FileEagerFlush', 'FileLazyFlush', 'AddToList', 'AddDuplicatesToSet', 'AddUniqueToSet', 'PocTryFinallyIncrementInt']",2026-07-03 10:40:05,fe09cc8cc0451dca8e066defbb9c3928c0f368fd,BSC_IOA,Dell Inc.,Precision 5570,False,Microsoft Windows 11 Enterprise 10.0.26200,64-bit,26200,W. Europe Standard Time,lian.hoerschlaeger,1.38.0,Dell Inc.,Unknown,Unknown,12th Gen Intel(R) Core(TM) i7-12800H,14,20,2400,31.68,20.87,2,4800,80AD000080AD,HMCG78MEBSA092N,16.0 + 16.0,Micron 3400 NVMe 1024GB,953.86,Fixed hard disk media,SCSI,858.33,Not available,Not available,249,True,True,3.12.10,21.0.9,v25.9.0,Gradle 9.0.0,Kotlin:        2.2.0
208612.2,207606.5,4432.129619478138,200392.0,225195.0,208062.78752028028,209161.61247971974,commonmain-ioa-kind-timemonotonicglobalreducedobjects-jar,4077.9999999999745,250,True,500,local,True,True,True,True,True,"['None', 'TryFinally', 'TimeClock', 'TimeMonotonicFunction', 'TimeMonotonicFunctionInWholeMilliseconds', 'TimeMonotonicFunctionInWholeMicroseconds', 'TimeMonotonicFunctionInWholeNanoseconds', 'TimeMonotonicGlobal', 'TimeMonotonicGlobalInWholeMilliseconds', 'TimeMonotonicGlobalInWholeMicroseconds', 'TimeMonotonicGlobalInWholeNanoseconds', 'TimeMonotonicGlobalReducedObjects', 'IncrementIntCounter', 'IncrementAtomicIntCounter', 'RandomValue', 'StandardOut', 'AppendToStringBuilder', 'FileEagerFlush', 'FileLazyFlush', 'AddToList', 'AddDuplicatesToSet', 'AddUniqueToSet', 'PocTryFinallyIncrementInt']",2026-07-03 10:40:05,fe09cc8cc0451dca8e066defbb9c3928c0f368fd,BSC_IOA,Dell Inc.,Precision 5570,False,Microsoft Windows 11 Enterprise 10.0.26200,64-bit,26200,W. Europe Standard Time,lian.hoerschlaeger,1.38.0,Dell Inc.,Unknown,Unknown,12th Gen Intel(R) Core(TM) i7-12800H,14,20,2400,31.68,20.87,2,4800,80AD000080AD,HMCG78MEBSA092N,16.0 + 16.0,Micron 3400 NVMe 1024GB,953.86,Fixed hard disk media,SCSI,858.33,Not available,Not available,249,True,True,3.12.10,21.0.9,v25.9.0,Gradle 9.0.0,Kotlin:        2.2.0
3560300.812,3552017.5,66632.67095082426,3301184.0,3885827.0,3552040.940534022,3568560.6834659777,commonmain-ioa-kind-timemonotonicglobalreducedobjects-node,5436.999999999898,250,True,500,local,True,True,True,True,True,"['None', 'TryFinally', 'TimeClock', 'TimeMonotonicFunction', 'TimeMonotonicFunctionInWholeMilliseconds', 'TimeMonotonicFunctionInWholeMicroseconds', 'TimeMonotonicFunctionInWholeNanoseconds', 'TimeMonotonicGlobal', 'TimeMonotonicGlobalInWholeMilliseconds', 'TimeMonotonicGlobalInWholeMicroseconds', 'TimeMonotonicGlobalInWholeNanoseconds', 'TimeMonotonicGlobalReducedObjects', 'IncrementIntCounter', 'IncrementAtomicIntCounter', 'RandomValue', 'StandardOut', 'AppendToStringBuilder', 'FileEagerFlush', 'FileLazyFlush', 'AddToList', 'AddDuplicatesToSet', 'AddUniqueToSet', 'PocTryFinallyIncrementInt']",2026-07-03 10:40:05,fe09cc8cc0451dca8e066defbb9c3928c0f368fd,BSC_IOA,Dell Inc.,Precision 5570,False,Microsoft Windows 11 Enterprise 10.0.26200,64-bit,26200,W. Europe Standard Time,lian.hoerschlaeger,1.38.0,Dell Inc.,Unknown,Unknown,12th Gen Intel(R) Core(TM) i7-12800H,14,20,2400,31.68,20.87,2,4800,80AD000080AD,HMCG78MEBSA092N,16.0 + 16.0,Micron 3400 NVMe 1024GB,953.86,Fixed hard disk media,SCSI,858.33,Not available,Not available,249,True,True,3.12.10,21.0.9,v25.9.0,Gradle 9.0.0,Kotlin:        2.2.0
462613.964,461055.0,10613.450695479085,441335.0,512709.0,461298.3070211608,463929.6209788392,commonmain-ioa-kind-timemonotonicglobalreducedobjects-win-exe,22077.999999999975,250,True,500,local,True,True,True,True,True,"['None', 'TryFinally', 'TimeClock', 'TimeMonotonicFunction', 'TimeMonotonicFunctionInWholeMilliseconds', 'TimeMonotonicFunctionInWholeMicroseconds', 'TimeMonotonicFunctionInWholeNanoseconds', 'TimeMonotonicGlobal', 'TimeMonotonicGlobalInWholeMilliseconds', 'TimeMonotonicGlobalInWholeMicroseconds', 'TimeMonotonicGlobalInWholeNanoseconds', 'TimeMonotonicGlobalReducedObjects', 'IncrementIntCounter', 'IncrementAtomicIntCounter', 'RandomValue', 'StandardOut', 'AppendToStringBuilder', 'FileEagerFlush', 'FileLazyFlush', 'AddToList', 'AddDuplicatesToSet', 'AddUniqueToSet', 'PocTryFinallyIncrementInt']",2026-07-03 10:40:05,fe09cc8cc0451dca8e066defbb9c3928c0f368fd,BSC_IOA,Dell Inc.,Precision 5570,False,Microsoft Windows 11 Enterprise 10.0.26200,64-bit,26200,W. Europe Standard Time,lian.hoerschlaeger,1.38.0,Dell Inc.,Unknown,Unknown,12th Gen Intel(R) Core(TM) i7-12800H,14,20,2400,31.68,20.87,2,4800,80AD000080AD,HMCG78MEBSA092N,16.0 + 16.0,Micron 3400 NVMe 1024GB,953.86,Fixed hard disk media,SCSI,858.33,Not available,Not available,249,True,True,3.12.10,21.0.9,v25.9.0,Gradle 9.0.0,Kotlin:        2.2.0
94445.468,94525.5,3679.8956726546594,87486.0,107562.0,93989.30340640646,94901.63259359353,commonmain-ioa-kind-incrementintcounter-jar,5889.999999999873,250,True,500,local,True,True,True,True,True,"['None', 'TryFinally', 'TimeClock', 'TimeMonotonicFunction', 'TimeMonotonicFunctionInWholeMilliseconds', 'TimeMonotonicFunctionInWholeMicroseconds', 'TimeMonotonicFunctionInWholeNanoseconds', 'TimeMonotonicGlobal', 'TimeMonotonicGlobalInWholeMilliseconds', 'TimeMonotonicGlobalInWholeMicroseconds', 'TimeMonotonicGlobalInWholeNanoseconds', 'TimeMonotonicGlobalReducedObjects', 'IncrementIntCounter', 'IncrementAtomicIntCounter', 'RandomValue', 'StandardOut', 'AppendToStringBuilder', 'FileEagerFlush', 'FileLazyFlush', 'AddToList', 'AddDuplicatesToSet', 'AddUniqueToSet', 'PocTryFinallyIncrementInt']",2026-07-03 10:40:05,fe09cc8cc0451dca8e066defbb9c3928c0f368fd,BSC_IOA,Dell Inc.,Precision 5570,False,Microsoft Windows 11 Enterprise 10.0.26200,64-bit,26200,W. Europe Standard Time,lian.hoerschlaeger,1.38.0,Dell Inc.,Unknown,Unknown,12th Gen Intel(R) Core(TM) i7-12800H,14,20,2400,31.68,20.87,2,4800,80AD000080AD,HMCG78MEBSA092N,16.0 + 16.0,Micron 3400 NVMe 1024GB,953.86,Fixed hard disk media,SCSI,858.33,Not available,Not available,249,True,True,3.12.10,21.0.9,v25.9.0,Gradle 9.0.0,Kotlin:        2.2.0
103795.152,98169.5,12558.843457134868,92787.0,143373.0,102238.34163599966,105351.96236400034,commonmain-ioa-kind-incrementintcounter-node,9860.000000000127,250,True,500,local,True,True,True,True,True,"['None', 'TryFinally', 'TimeClock', 'TimeMonotonicFunction', 'TimeMonotonicFunctionInWholeMilliseconds', 'TimeMonotonicFunctionInWholeMicroseconds', 'TimeMonotonicFunctionInWholeNanoseconds', 'TimeMonotonicGlobal', 'TimeMonotonicGlobalInWholeMilliseconds', 'TimeMonotonicGlobalInWholeMicroseconds', 'TimeMonotonicGlobalInWholeNanoseconds', 'TimeMonotonicGlobalReducedObjects', 'IncrementIntCounter', 'IncrementAtomicIntCounter', 'RandomValue', 'StandardOut', 'AppendToStringBuilder', 'FileEagerFlush', 'FileLazyFlush', 'AddToList', 'AddDuplicatesToSet', 'AddUniqueToSet', 'PocTryFinallyIncrementInt']",2026-07-03 10:40:05,fe09cc8cc0451dca8e066defbb9c3928c0f368fd,BSC_IOA,Dell Inc.,Precision 5570,False,Microsoft Windows 11 Enterprise 10.0.26200,64-bit,26200,W. Europe Standard Time,lian.hoerschlaeger,1.38.0,Dell Inc.,Unknown,Unknown,12th Gen Intel(R) Core(TM) i7-12800H,14,20,2400,31.68,20.87,2,4800,80AD000080AD,HMCG78MEBSA092N,16.0 + 16.0,Micron 3400 NVMe 1024GB,953.86,Fixed hard disk media,SCSI,858.33,Not available,Not available,249,True,True,3.12.10,21.0.9,v25.9.0,Gradle 9.0.0,Kotlin:        2.2.0
150046.664,149254.0,3580.658977612897,144286.0,165940.0,149602.8009145714,150490.5270854286,commonmain-ioa-kind-incrementintcounter-win-exe,38250.0,250,True,500,local,True,True,True,True,True,"['None', 'TryFinally', 'TimeClock', 'TimeMonotonicFunction', 'TimeMonotonicFunctionInWholeMilliseconds', 'TimeMonotonicFunctionInWholeMicroseconds', 'TimeMonotonicFunctionInWholeNanoseconds', 'TimeMonotonicGlobal', 'TimeMonotonicGlobalInWholeMilliseconds', 'TimeMonotonicGlobalInWholeMicroseconds', 'TimeMonotonicGlobalInWholeNanoseconds', 'TimeMonotonicGlobalReducedObjects', 'IncrementIntCounter', 'IncrementAtomicIntCounter', 'RandomValue', 'StandardOut', 'AppendToStringBuilder', 'FileEagerFlush', 'FileLazyFlush', 'AddToList', 'AddDuplicatesToSet', 'AddUniqueToSet', 'PocTryFinallyIncrementInt']",2026-07-03 10:40:05,fe09cc8cc0451dca8e066defbb9c3928c0f368fd,BSC_IOA,Dell Inc.,Precision 5570,False,Microsoft Windows 11 Enterprise 10.0.26200,64-bit,26200,W. Europe Standard Time,lian.hoerschlaeger,1.38.0,Dell Inc.,Unknown,Unknown,12th Gen Intel(R) Core(TM) i7-12800H,14,20,2400,31.68,20.87,2,4800,80AD000080AD,HMCG78MEBSA092N,16.0 + 16.0,Micron 3400 NVMe 1024GB,953.86,Fixed hard disk media,SCSI,858.33,Not available,Not available,249,True,True,3.12.10,21.0.9,v25.9.0,Gradle 9.0.0,Kotlin:        2.2.0
102677.664,102244.0,3244.3512119141783,96745.0,119356.0,102275.49005712029,103079.83794287972,commonmain-ioa-kind-incrementatomicintcounter-jar,4547.0000000000255,250,True,500,local,True,True,True,True,True,"['None', 'TryFinally', 'TimeClock', 'TimeMonotonicFunction', 'TimeMonotonicFunctionInWholeMilliseconds', 'TimeMonotonicFunctionInWholeMicroseconds', 'TimeMonotonicFunctionInWholeNanoseconds', 'TimeMonotonicGlobal', 'TimeMonotonicGlobalInWholeMilliseconds', 'TimeMonotonicGlobalInWholeMicroseconds', 'TimeMonotonicGlobalInWholeNanoseconds', 'TimeMonotonicGlobalReducedObjects', 'IncrementIntCounter', 'IncrementAtomicIntCounter', 'RandomValue', 'StandardOut', 'AppendToStringBuilder', 'FileEagerFlush', 'FileLazyFlush', 'AddToList', 'AddDuplicatesToSet', 'AddUniqueToSet', 'PocTryFinallyIncrementInt']",2026-07-03 10:40:05,fe09cc8cc0451dca8e066defbb9c3928c0f368fd,BSC_IOA,Dell Inc.,Precision 5570,False,Microsoft Windows 11 Enterprise 10.0.26200,64-bit,26200,W. Europe Standard Time,lian.hoerschlaeger,1.38.0,Dell Inc.,Unknown,Unknown,12th Gen Intel(R) Core(TM) i7-12800H,14,20,2400,31.68,20.87,2,4800,80AD000080AD,HMCG78MEBSA092N,16.0 + 16.0,Micron 3400 NVMe 1024GB,953.86,Fixed hard disk media,SCSI,858.33,Not available,Not available,249,True,True,3.12.10,21.0.9,v25.9.0,Gradle 9.0.0,Kotlin:        2.2.0
112669.148,101869.0,15889.389404400496,95080.0,145275.0,110699.47888302772,114638.81711697228,commonmain-ioa-kind-incrementatomicintcounter-node,4891.000000000076,250,True,500,local,True,True,True,True,True,"['None', 'TryFinally', 'TimeClock', 'TimeMonotonicFunction', 'TimeMonotonicFunctionInWholeMilliseconds', 'TimeMonotonicFunctionInWholeMicroseconds', 'TimeMonotonicFunctionInWholeNanoseconds', 'TimeMonotonicGlobal', 'TimeMonotonicGlobalInWholeMilliseconds', 'TimeMonotonicGlobalInWholeMicroseconds', 'TimeMonotonicGlobalInWholeNanoseconds', 'TimeMonotonicGlobalReducedObjects', 'IncrementIntCounter', 'IncrementAtomicIntCounter', 'RandomValue', 'StandardOut', 'AppendToStringBuilder', 'FileEagerFlush', 'FileLazyFlush', 'AddToList', 'AddDuplicatesToSet', 'AddUniqueToSet', 'PocTryFinallyIncrementInt']",2026-07-03 10:40:05,fe09cc8cc0451dca8e066defbb9c3928c0f368fd,BSC_IOA,Dell Inc.,Precision 5570,False,Microsoft Windows 11 Enterprise 10.0.26200,64-bit,26200,W. Europe Standard Time,lian.hoerschlaeger,1.38.0,Dell Inc.,Unknown,Unknown,12th Gen Intel(R) Core(TM) i7-12800H,14,20,2400,31.68,20.87,2,4800,80AD000080AD,HMCG78MEBSA092N,16.0 + 16.0,Micron 3400 NVMe 1024GB,953.86,Fixed hard disk media,SCSI,858.33,Not available,Not available,249,True,True,3.12.10,21.0.9,v25.9.0,Gradle 9.0.0,Kotlin:        2.2.0
160862.368,159748.0,4699.272782389765,153581.0,179771.0,160279.84011071947,161444.8958892805,commonmain-ioa-kind-incrementatomicintcounter-win-exe,18108.999999999924,250,True,500,local,True,True,True,True,True,"['None', 'TryFinally', 'TimeClock', 'TimeMonotonicFunction', 'TimeMonotonicFunctionInWholeMilliseconds', 'TimeMonotonicFunctionInWholeMicroseconds', 'TimeMonotonicFunctionInWholeNanoseconds', 'TimeMonotonicGlobal', 'TimeMonotonicGlobalInWholeMilliseconds', 'TimeMonotonicGlobalInWholeMicroseconds', 'TimeMonotonicGlobalInWholeNanoseconds', 'TimeMonotonicGlobalReducedObjects', 'IncrementIntCounter', 'IncrementAtomicIntCounter', 'RandomValue', 'StandardOut', 'AppendToStringBuilder', 'FileEagerFlush', 'FileLazyFlush', 'AddToList', 'AddDuplicatesToSet', 'AddUniqueToSet', 'PocTryFinallyIncrementInt']",2026-07-03 10:40:05,fe09cc8cc0451dca8e066defbb9c3928c0f368fd,BSC_IOA,Dell Inc.,Precision 5570,False,Microsoft Windows 11 Enterprise 10.0.26200,64-bit,26200,W. Europe Standard Time,lian.hoerschlaeger,1.38.0,Dell Inc.,Unknown,Unknown,12th Gen Intel(R) Core(TM) i7-12800H,14,20,2400,31.68,20.87,2,4800,80AD000080AD,HMCG78MEBSA092N,16.0 + 16.0,Micron 3400 NVMe 1024GB,953.86,Fixed hard disk media,SCSI,858.33,Not available,Not available,249,True,True,3.12.10,21.0.9,v25.9.0,Gradle 9.0.0,Kotlin:        2.2.0
98100.58,97943.5,3210.4647506647766,91295.0,115660.0,97702.60666637642,98498.55333362358,commonmain-ioa-kind-randomvalue-jar,4266.000000000076,250,True,500,local,True,True,True,True,True,"['None', 'TryFinally', 'TimeClock', 'TimeMonotonicFunction', 'TimeMonotonicFunctionInWholeMilliseconds', 'TimeMonotonicFunctionInWholeMicroseconds', 'TimeMonotonicFunctionInWholeNanoseconds', 'TimeMonotonicGlobal', 'TimeMonotonicGlobalInWholeMilliseconds', 'TimeMonotonicGlobalInWholeMicroseconds', 'TimeMonotonicGlobalInWholeNanoseconds', 'TimeMonotonicGlobalReducedObjects', 'IncrementIntCounter', 'IncrementAtomicIntCounter', 'RandomValue', 'StandardOut', 'AppendToStringBuilder', 'FileEagerFlush', 'FileLazyFlush', 'AddToList', 'AddDuplicatesToSet', 'AddUniqueToSet', 'PocTryFinallyIncrementInt']",2026-07-03 10:40:05,fe09cc8cc0451dca8e066defbb9c3928c0f368fd,BSC_IOA,Dell Inc.,Precision 5570,False,Microsoft Windows 11 Enterprise 10.0.26200,64-bit,26200,W. Europe Standard Time,lian.hoerschlaeger,1.38.0,Dell Inc.,Unknown,Unknown,12th Gen Intel(R) Core(TM) i7-12800H,14,20,2400,31.68,20.87,2,4800,80AD000080AD,HMCG78MEBSA092N,16.0 + 16.0,Micron 3400 NVMe 1024GB,953.86,Fixed hard disk media,SCSI,858.33,Not available,Not available,249,True,True,3.12.10,21.0.9,v25.9.0,Gradle 9.0.0,Kotlin:        2.2.0
126884.624,130087.0,10161.54255252672,102797.0,157538.0,125624.98613493713,128144.26186506286,commonmain-ioa-kind-randomvalue-node,4467.999999999847,250,True,500,local,True,True,True,True,True,"['None', 'TryFinally', 'TimeClock', 'TimeMonotonicFunction', 'TimeMonotonicFunctionInWholeMilliseconds', 'TimeMonotonicFunctionInWholeMicroseconds', 'TimeMonotonicFunctionInWholeNanoseconds', 'TimeMonotonicGlobal', 'TimeMonotonicGlobalInWholeMilliseconds', 'TimeMonotonicGlobalInWholeMicroseconds', 'TimeMonotonicGlobalInWholeNanoseconds', 'TimeMonotonicGlobalReducedObjects', 'IncrementIntCounter', 'IncrementAtomicIntCounter', 'RandomValue', 'StandardOut', 'AppendToStringBuilder', 'FileEagerFlush', 'FileLazyFlush', 'AddToList', 'AddDuplicatesToSet', 'AddUniqueToSet', 'PocTryFinallyIncrementInt']",2026-07-03 10:40:05,fe09cc8cc0451dca8e066defbb9c3928c0f368fd,BSC_IOA,Dell Inc.,Precision 5570,False,Microsoft Windows 11 Enterprise 10.0.26200,64-bit,26200,W. Europe Standard Time,lian.hoerschlaeger,1.38.0,Dell Inc.,Unknown,Unknown,12th Gen Intel(R) Core(TM) i7-12800H,14,20,2400,31.68,20.87,2,4800,80AD000080AD,HMCG78MEBSA092N,16.0 + 16.0,Micron 3400 NVMe 1024GB,953.86,Fixed hard disk media,SCSI,858.33,Not available,Not available,249,True,True,3.12.10,21.0.9,v25.9.0,Gradle 9.0.0,Kotlin:        2.2.0
167154.98,166113.5,4653.987870201633,160985.0,190089.0,166578.06568659277,167731.89431340725,commonmain-ioa-kind-randomvalue-win-exe,17500.0,250,True,500,local,True,True,True,True,True,"['None', 'TryFinally', 'TimeClock', 'TimeMonotonicFunction', 'TimeMonotonicFunctionInWholeMilliseconds', 'TimeMonotonicFunctionInWholeMicroseconds', 'TimeMonotonicFunctionInWholeNanoseconds', 'TimeMonotonicGlobal', 'TimeMonotonicGlobalInWholeMilliseconds', 'TimeMonotonicGlobalInWholeMicroseconds', 'TimeMonotonicGlobalInWholeNanoseconds', 'TimeMonotonicGlobalReducedObjects', 'IncrementIntCounter', 'IncrementAtomicIntCounter', 'RandomValue', 'StandardOut', 'AppendToStringBuilder', 'FileEagerFlush', 'FileLazyFlush', 'AddToList', 'AddDuplicatesToSet', 'AddUniqueToSet', 'PocTryFinallyIncrementInt']",2026-07-03 10:40:05,fe09cc8cc0451dca8e066defbb9c3928c0f368fd,BSC_IOA,Dell Inc.,Precision 5570,False,Microsoft Windows 11 Enterprise 10.0.26200,64-bit,26200,W. Europe Standard Time,lian.hoerschlaeger,1.38.0,Dell Inc.,Unknown,Unknown,12th Gen Intel(R) Core(TM) i7-12800H,14,20,2400,31.68,20.87,2,4800,80AD000080AD,HMCG78MEBSA092N,16.0 + 16.0,Micron 3400 NVMe 1024GB,953.86,Fixed hard disk media,SCSI,858.33,Not available,Not available,249,True,True,3.12.10,21.0.9,v25.9.0,Gradle 9.0.0,Kotlin:        2.2.0
2523939.1,2518037.0,41821.55680286977,2458289.0,2831823.0,2518754.846108186,2529123.353891814,commonmain-ioa-kind-standardout-jar,3610.0000000001273,250,True,500,local,True,True,True,True,True,"['None', 'TryFinally', 'TimeClock', 'TimeMonotonicFunction', 'TimeMonotonicFunctionInWholeMilliseconds', 'TimeMonotonicFunctionInWholeMicroseconds', 'TimeMonotonicFunctionInWholeNanoseconds', 'TimeMonotonicGlobal', 'TimeMonotonicGlobalInWholeMilliseconds', 'TimeMonotonicGlobalInWholeMicroseconds', 'TimeMonotonicGlobalInWholeNanoseconds', 'TimeMonotonicGlobalReducedObjects', 'IncrementIntCounter', 'IncrementAtomicIntCounter', 'RandomValue', 'StandardOut', 'AppendToStringBuilder', 'FileEagerFlush', 'FileLazyFlush', 'AddToList', 'AddDuplicatesToSet', 'AddUniqueToSet', 'PocTryFinallyIncrementInt']",2026-07-03 10:40:05,fe09cc8cc0451dca8e066defbb9c3928c0f368fd,BSC_IOA,Dell Inc.,Precision 5570,False,Microsoft Windows 11 Enterprise 10.0.26200,64-bit,26200,W. Europe Standard Time,lian.hoerschlaeger,1.38.0,Dell Inc.,Unknown,Unknown,12th Gen Intel(R) Core(TM) i7-12800H,14,20,2400,31.68,20.87,2,4800,80AD000080AD,HMCG78MEBSA092N,16.0 + 16.0,Micron 3400 NVMe 1024GB,953.86,Fixed hard disk media,SCSI,858.33,Not available,Not available,249,True,True,3.12.10,21.0.9,v25.9.0,Gradle 9.0.0,Kotlin:        2.2.0
5178291.208,5161789.5,180285.6459655332,4984367.0,7622271.0,5155942.767789115,5200639.648210884,commonmain-ioa-kind-standardout-node,4233.999999999924,250,True,500,local,True,True,True,True,True,"['None', 'TryFinally', 'TimeClock', 'TimeMonotonicFunction', 'TimeMonotonicFunctionInWholeMilliseconds', 'TimeMonotonicFunctionInWholeMicroseconds', 'TimeMonotonicFunctionInWholeNanoseconds', 'TimeMonotonicGlobal', 'TimeMonotonicGlobalInWholeMilliseconds', 'TimeMonotonicGlobalInWholeMicroseconds', 'TimeMonotonicGlobalInWholeNanoseconds', 'TimeMonotonicGlobalReducedObjects', 'IncrementIntCounter', 'IncrementAtomicIntCounter', 'RandomValue', 'StandardOut', 'AppendToStringBuilder', 'FileEagerFlush', 'FileLazyFlush', 'AddToList', 'AddDuplicatesToSet', 'AddUniqueToSet', 'PocTryFinallyIncrementInt']",2026-07-03 10:40:05,fe09cc8cc0451dca8e066defbb9c3928c0f368fd,BSC_IOA,Dell Inc.,Precision 5570,False,Microsoft Windows 11 Enterprise 10.0.26200,64-bit,26200,W. Europe Standard Time,lian.hoerschlaeger,1.38.0,Dell Inc.,Unknown,Unknown,12th Gen Intel(R) Core(TM) i7-12800H,14,20,2400,31.68,20.87,2,4800,80AD000080AD,HMCG78MEBSA092N,16.0 + 16.0,Micron 3400 NVMe 1024GB,953.86,Fixed hard disk media,SCSI,858.33,Not available,Not available,249,True,True,3.12.10,21.0.9,v25.9.0,Gradle 9.0.0,Kotlin:        2.2.0
4261394.0,4253793.5,87730.90129824502,4091561.0,4834288.0,4250518.76480415,4272269.23519585,commonmain-ioa-kind-standardout-win-exe,17422.000000000025,250,True,500,local,True,True,True,True,True,"['None', 'TryFinally', 'TimeClock', 'TimeMonotonicFunction', 'TimeMonotonicFunctionInWholeMilliseconds', 'TimeMonotonicFunctionInWholeMicroseconds', 'TimeMonotonicFunctionInWholeNanoseconds', 'TimeMonotonicGlobal', 'TimeMonotonicGlobalInWholeMilliseconds', 'TimeMonotonicGlobalInWholeMicroseconds', 'TimeMonotonicGlobalInWholeNanoseconds', 'TimeMonotonicGlobalReducedObjects', 'IncrementIntCounter', 'IncrementAtomicIntCounter', 'RandomValue', 'StandardOut', 'AppendToStringBuilder', 'FileEagerFlush', 'FileLazyFlush', 'AddToList', 'AddDuplicatesToSet', 'AddUniqueToSet', 'PocTryFinallyIncrementInt']",2026-07-03 10:40:05,fe09cc8cc0451dca8e066defbb9c3928c0f368fd,BSC_IOA,Dell Inc.,Precision 5570,False,Microsoft Windows 11 Enterprise 10.0.26200,64-bit,26200,W. Europe Standard Time,lian.hoerschlaeger,1.38.0,Dell Inc.,Unknown,Unknown,12th Gen Intel(R) Core(TM) i7-12800H,14,20,2400,31.68,20.87,2,4800,80AD000080AD,HMCG78MEBSA092N,16.0 + 16.0,Micron 3400 NVMe 1024GB,953.86,Fixed hard disk media,SCSI,858.33,Not available,Not available,249,True,True,3.12.10,21.0.9,v25.9.0,Gradle 9.0.0,Kotlin:        2.2.0
145676.524,144795.0,5033.734957655168,134710.0,166297.0,145052.53574993098,146300.51225006903,commonmain-ioa-kind-appendtostringbuilder-jar,3577.9999999999745,250,True,500,local,True,True,True,True,True,"['None', 'TryFinally', 'TimeClock', 'TimeMonotonicFunction', 'TimeMonotonicFunctionInWholeMilliseconds', 'TimeMonotonicFunctionInWholeMicroseconds', 'TimeMonotonicFunctionInWholeNanoseconds', 'TimeMonotonicGlobal', 'TimeMonotonicGlobalInWholeMilliseconds', 'TimeMonotonicGlobalInWholeMicroseconds', 'TimeMonotonicGlobalInWholeNanoseconds', 'TimeMonotonicGlobalReducedObjects', 'IncrementIntCounter', 'IncrementAtomicIntCounter', 'RandomValue', 'StandardOut', 'AppendToStringBuilder', 'FileEagerFlush', 'FileLazyFlush', 'AddToList', 'AddDuplicatesToSet', 'AddUniqueToSet', 'PocTryFinallyIncrementInt']",2026-07-03 10:40:05,fe09cc8cc0451dca8e066defbb9c3928c0f368fd,BSC_IOA,Dell Inc.,Precision 5570,False,Microsoft Windows 11 Enterprise 10.0.26200,64-bit,26200,W. Europe Standard Time,lian.hoerschlaeger,1.38.0,Dell Inc.,Unknown,Unknown,12th Gen Intel(R) Core(TM) i7-12800H,14,20,2400,31.68,20.87,2,4800,80AD000080AD,HMCG78MEBSA092N,16.0 + 16.0,Micron 3400 NVMe 1024GB,953.86,Fixed hard disk media,SCSI,858.33,Not available,Not available,249,True,True,3.12.10,21.0.9,v25.9.0,Gradle 9.0.0,Kotlin:        2.2.0
209028.936,204609.5,13491.988655324521,189133.0,249277.0,207356.45175881364,210701.42024118634,commonmain-ioa-kind-appendtostringbuilder-node,4532.000000000153,250,True,500,local,True,True,True,True,True,"['None', 'TryFinally', 'TimeClock', 'TimeMonotonicFunction', 'TimeMonotonicFunctionInWholeMilliseconds', 'TimeMonotonicFunctionInWholeMicroseconds', 'TimeMonotonicFunctionInWholeNanoseconds', 'TimeMonotonicGlobal', 'TimeMonotonicGlobalInWholeMilliseconds', 'TimeMonotonicGlobalInWholeMicroseconds', 'TimeMonotonicGlobalInWholeNanoseconds', 'TimeMonotonicGlobalReducedObjects', 'IncrementIntCounter', 'IncrementAtomicIntCounter', 'RandomValue', 'StandardOut', 'AppendToStringBuilder', 'FileEagerFlush', 'FileLazyFlush', 'AddToList', 'AddDuplicatesToSet', 'AddUniqueToSet', 'PocTryFinallyIncrementInt']",2026-07-03 10:40:05,fe09cc8cc0451dca8e066defbb9c3928c0f368fd,BSC_IOA,Dell Inc.,Precision 5570,False,Microsoft Windows 11 Enterprise 10.0.26200,64-bit,26200,W. Europe Standard Time,lian.hoerschlaeger,1.38.0,Dell Inc.,Unknown,Unknown,12th Gen Intel(R) Core(TM) i7-12800H,14,20,2400,31.68,20.87,2,4800,80AD000080AD,HMCG78MEBSA092N,16.0 + 16.0,Micron 3400 NVMe 1024GB,953.86,Fixed hard disk media,SCSI,858.33,Not available,Not available,249,True,True,3.12.10,21.0.9,v25.9.0,Gradle 9.0.0,Kotlin:        2.2.0
299609.964,298375.0,7971.008024485337,283313.0,376860.0,298621.86760828976,300598.0603917102,commonmain-ioa-kind-appendtostringbuilder-win-exe,17483.999999999924,250,True,500,local,True,True,True,True,True,"['None', 'TryFinally', 'TimeClock', 'TimeMonotonicFunction', 'TimeMonotonicFunctionInWholeMilliseconds', 'TimeMonotonicFunctionInWholeMicroseconds', 'TimeMonotonicFunctionInWholeNanoseconds', 'TimeMonotonicGlobal', 'TimeMonotonicGlobalInWholeMilliseconds', 'TimeMonotonicGlobalInWholeMicroseconds', 'TimeMonotonicGlobalInWholeNanoseconds', 'TimeMonotonicGlobalReducedObjects', 'IncrementIntCounter', 'IncrementAtomicIntCounter', 'RandomValue', 'StandardOut', 'AppendToStringBuilder', 'FileEagerFlush', 'FileLazyFlush', 'AddToList', 'AddDuplicatesToSet', 'AddUniqueToSet', 'PocTryFinallyIncrementInt']",2026-07-03 10:40:05,fe09cc8cc0451dca8e066defbb9c3928c0f368fd,BSC_IOA,Dell Inc.,Precision 5570,False,Microsoft Windows 11 Enterprise 10.0.26200,64-bit,26200,W. Europe Standard Time,lian.hoerschlaeger,1.38.0,Dell Inc.,Unknown,Unknown,12th Gen Intel(R) Core(TM) i7-12800H,14,20,2400,31.68,20.87,2,4800,80AD000080AD,HMCG78MEBSA092N,16.0 + 16.0,Micron 3400 NVMe 1024GB,953.86,Fixed hard disk media,SCSI,858.33,Not available,Not available,249,True,True,3.12.10,21.0.9,v25.9.0,Gradle 9.0.0,Kotlin:        2.2.0
6507143.064,6499598.5,50389.13727279213,6387020.0,6799898.0,6500896.761829974,6513389.366170026,commonmain-ioa-kind-fileeagerflush-jar,3422.0000000000255,250,True,500,local,True,True,True,True,True,"['None', 'TryFinally', 'TimeClock', 'TimeMonotonicFunction', 'TimeMonotonicFunctionInWholeMilliseconds', 'TimeMonotonicFunctionInWholeMicroseconds', 'TimeMonotonicFunctionInWholeNanoseconds', 'TimeMonotonicGlobal', 'TimeMonotonicGlobalInWholeMilliseconds', 'TimeMonotonicGlobalInWholeMicroseconds', 'TimeMonotonicGlobalInWholeNanoseconds', 'TimeMonotonicGlobalReducedObjects', 'IncrementIntCounter', 'IncrementAtomicIntCounter', 'RandomValue', 'StandardOut', 'AppendToStringBuilder', 'FileEagerFlush', 'FileLazyFlush', 'AddToList', 'AddDuplicatesToSet', 'AddUniqueToSet', 'PocTryFinallyIncrementInt']",2026-07-03 10:40:05,fe09cc8cc0451dca8e066defbb9c3928c0f368fd,BSC_IOA,Dell Inc.,Precision 5570,False,Microsoft Windows 11 Enterprise 10.0.26200,64-bit,26200,W. Europe Standard Time,lian.hoerschlaeger,1.38.0,Dell Inc.,Unknown,Unknown,12th Gen Intel(R) Core(TM) i7-12800H,14,20,2400,31.68,20.87,2,4800,80AD000080AD,HMCG78MEBSA092N,16.0 + 16.0,Micron 3400 NVMe 1024GB,953.86,Fixed hard disk media,SCSI,858.33,Not available,Not available,249,True,True,3.12.10,21.0.9,v25.9.0,Gradle 9.0.0,Kotlin:        2.2.0
12037512.568,12040365.5,256568.94550265186,11362876.0,12692492.0,12005707.952009484,12069317.183990516,commonmain-ioa-kind-fileeagerflush-node,4405.999999999949,250,True,500,local,True,True,True,True,True,"['None', 'TryFinally', 'TimeClock', 'TimeMonotonicFunction', 'TimeMonotonicFunctionInWholeMilliseconds', 'TimeMonotonicFunctionInWholeMicroseconds', 'TimeMonotonicFunctionInWholeNanoseconds', 'TimeMonotonicGlobal', 'TimeMonotonicGlobalInWholeMilliseconds', 'TimeMonotonicGlobalInWholeMicroseconds', 'TimeMonotonicGlobalInWholeNanoseconds', 'TimeMonotonicGlobalReducedObjects', 'IncrementIntCounter', 'IncrementAtomicIntCounter', 'RandomValue', 'StandardOut', 'AppendToStringBuilder', 'FileEagerFlush', 'FileLazyFlush', 'AddToList', 'AddDuplicatesToSet', 'AddUniqueToSet', 'PocTryFinallyIncrementInt']",2026-07-03 10:40:05,fe09cc8cc0451dca8e066defbb9c3928c0f368fd,BSC_IOA,Dell Inc.,Precision 5570,False,Microsoft Windows 11 Enterprise 10.0.26200,64-bit,26200,W. Europe Standard Time,lian.hoerschlaeger,1.38.0,Dell Inc.,Unknown,Unknown,12th Gen Intel(R) Core(TM) i7-12800H,14,20,2400,31.68,20.87,2,4800,80AD000080AD,HMCG78MEBSA092N,16.0 + 16.0,Micron 3400 NVMe 1024GB,953.86,Fixed hard disk media,SCSI,858.33,Not available,Not available,249,True,True,3.12.10,21.0.9,v25.9.0,Gradle 9.0.0,Kotlin:        2.2.0
7236502.156,7225958.5,65490.83919202721,7126294.0,7554902.0,7228383.827465273,7244620.484534727,commonmain-ioa-kind-fileeagerflush-win-exe,17297.000000000025,250,True,500,local,True,True,True,True,True,"['None', 'TryFinally', 'TimeClock', 'TimeMonotonicFunction', 'TimeMonotonicFunctionInWholeMilliseconds', 'TimeMonotonicFunctionInWholeMicroseconds', 'TimeMonotonicFunctionInWholeNanoseconds', 'TimeMonotonicGlobal', 'TimeMonotonicGlobalInWholeMilliseconds', 'TimeMonotonicGlobalInWholeMicroseconds', 'TimeMonotonicGlobalInWholeNanoseconds', 'TimeMonotonicGlobalReducedObjects', 'IncrementIntCounter', 'IncrementAtomicIntCounter', 'RandomValue', 'StandardOut', 'AppendToStringBuilder', 'FileEagerFlush', 'FileLazyFlush', 'AddToList', 'AddDuplicatesToSet', 'AddUniqueToSet', 'PocTryFinallyIncrementInt']",2026-07-03 10:40:05,fe09cc8cc0451dca8e066defbb9c3928c0f368fd,BSC_IOA,Dell Inc.,Precision 5570,False,Microsoft Windows 11 Enterprise 10.0.26200,64-bit,26200,W. Europe Standard Time,lian.hoerschlaeger,1.38.0,Dell Inc.,Unknown,Unknown,12th Gen Intel(R) Core(TM) i7-12800H,14,20,2400,31.68,20.87,2,4800,80AD000080AD,HMCG78MEBSA092N,16.0 + 16.0,Micron 3400 NVMe 1024GB,953.86,Fixed hard disk media,SCSI,858.33,Not available,Not available,249,True,True,3.12.10,21.0.9,v25.9.0,Gradle 9.0.0,Kotlin:        2.2.0
242644.492,243300.5,9554.112302957617,219889.0,267630.0,241460.1519687834,243828.8320312166,commonmain-ioa-kind-filelazyflush-jar,3139.9999999998727,250,True,500,local,True,True,True,True,True,"['None', 'TryFinally', 'TimeClock', 'TimeMonotonicFunction', 'TimeMonotonicFunctionInWholeMilliseconds', 'TimeMonotonicFunctionInWholeMicroseconds', 'TimeMonotonicFunctionInWholeNanoseconds', 'TimeMonotonicGlobal', 'TimeMonotonicGlobalInWholeMilliseconds', 'TimeMonotonicGlobalInWholeMicroseconds', 'TimeMonotonicGlobalInWholeNanoseconds', 'TimeMonotonicGlobalReducedObjects', 'IncrementIntCounter', 'IncrementAtomicIntCounter', 'RandomValue', 'StandardOut', 'AppendToStringBuilder', 'FileEagerFlush', 'FileLazyFlush', 'AddToList', 'AddDuplicatesToSet', 'AddUniqueToSet', 'PocTryFinallyIncrementInt']",2026-07-03 10:40:05,fe09cc8cc0451dca8e066defbb9c3928c0f368fd,BSC_IOA,Dell Inc.,Precision 5570,False,Microsoft Windows 11 Enterprise 10.0.26200,64-bit,26200,W. Europe Standard Time,lian.hoerschlaeger,1.38.0,Dell Inc.,Unknown,Unknown,12th Gen Intel(R) Core(TM) i7-12800H,14,20,2400,31.68,20.87,2,4800,80AD000080AD,HMCG78MEBSA092N,16.0 + 16.0,Micron 3400 NVMe 1024GB,953.86,Fixed hard disk media,SCSI,858.33,Not available,Not available,249,True,True,3.12.10,21.0.9,v25.9.0,Gradle 9.0.0,Kotlin:        2.2.0
691692.26,691594.0,14185.577225240184,643736.0,753523.0,689933.797628926,693450.722371074,commonmain-ioa-kind-filelazyflush-node,3813.000000000102,250,True,500,local,True,True,True,True,True,"['None', 'TryFinally', 'TimeClock', 'TimeMonotonicFunction', 'TimeMonotonicFunctionInWholeMilliseconds', 'TimeMonotonicFunctionInWholeMicroseconds', 'TimeMonotonicFunctionInWholeNanoseconds', 'TimeMonotonicGlobal', 'TimeMonotonicGlobalInWholeMilliseconds', 'TimeMonotonicGlobalInWholeMicroseconds', 'TimeMonotonicGlobalInWholeNanoseconds', 'TimeMonotonicGlobalReducedObjects', 'IncrementIntCounter', 'IncrementAtomicIntCounter', 'RandomValue', 'StandardOut', 'AppendToStringBuilder', 'FileEagerFlush', 'FileLazyFlush', 'AddToList', 'AddDuplicatesToSet', 'AddUniqueToSet', 'PocTryFinallyIncrementInt']",2026-07-03 10:40:05,fe09cc8cc0451dca8e066defbb9c3928c0f368fd,BSC_IOA,Dell Inc.,Precision 5570,False,Microsoft Windows 11 Enterprise 10.0.26200,64-bit,26200,W. Europe Standard Time,lian.hoerschlaeger,1.38.0,Dell Inc.,Unknown,Unknown,12th Gen Intel(R) Core(TM) i7-12800H,14,20,2400,31.68,20.87,2,4800,80AD000080AD,HMCG78MEBSA092N,16.0 + 16.0,Micron 3400 NVMe 1024GB,953.86,Fixed hard disk media,SCSI,858.33,Not available,Not available,249,True,True,3.12.10,21.0.9,v25.9.0,Gradle 9.0.0,Kotlin:        2.2.0
418803.76,418753.0,12790.764482806275,391292.0,451867.0,417218.20040780626,420389.31959219376,commonmain-ioa-kind-filelazyflush-win-exe,16983.999999999924,250,True,500,local,True,True,True,True,True,"['None', 'TryFinally', 'TimeClock', 'TimeMonotonicFunction', 'TimeMonotonicFunctionInWholeMilliseconds', 'TimeMonotonicFunctionInWholeMicroseconds', 'TimeMonotonicFunctionInWholeNanoseconds', 'TimeMonotonicGlobal', 'TimeMonotonicGlobalInWholeMilliseconds', 'TimeMonotonicGlobalInWholeMicroseconds', 'TimeMonotonicGlobalInWholeNanoseconds', 'TimeMonotonicGlobalReducedObjects', 'IncrementIntCounter', 'IncrementAtomicIntCounter', 'RandomValue', 'StandardOut', 'AppendToStringBuilder', 'FileEagerFlush', 'FileLazyFlush', 'AddToList', 'AddDuplicatesToSet', 'AddUniqueToSet', 'PocTryFinallyIncrementInt']",2026-07-03 10:40:05,fe09cc8cc0451dca8e066defbb9c3928c0f368fd,BSC_IOA,Dell Inc.,Precision 5570,False,Microsoft Windows 11 Enterprise 10.0.26200,64-bit,26200,W. Europe Standard Time,lian.hoerschlaeger,1.38.0,Dell Inc.,Unknown,Unknown,12th Gen Intel(R) Core(TM) i7-12800H,14,20,2400,31.68,20.87,2,4800,80AD000080AD,HMCG78MEBSA092N,16.0 + 16.0,Micron 3400 NVMe 1024GB,953.86,Fixed hard disk media,SCSI,858.33,Not available,Not available,249,True,True,3.12.10,21.0.9,v25.9.0,Gradle 9.0.0,Kotlin:        2.2.0
132609.12,132324.5,4203.559770071344,123228.0,155473.0,132088.0413323601,133130.1986676399,commonmain-ioa-kind-addtolist-jar,3188.000000000102,250,True,500,local,True,True,True,True,True,"['None', 'TryFinally', 'TimeClock', 'TimeMonotonicFunction', 'TimeMonotonicFunctionInWholeMilliseconds', 'TimeMonotonicFunctionInWholeMicroseconds', 'TimeMonotonicFunctionInWholeNanoseconds', 'TimeMonotonicGlobal', 'TimeMonotonicGlobalInWholeMilliseconds', 'TimeMonotonicGlobalInWholeMicroseconds', 'TimeMonotonicGlobalInWholeNanoseconds', 'TimeMonotonicGlobalReducedObjects', 'IncrementIntCounter', 'IncrementAtomicIntCounter', 'RandomValue', 'StandardOut', 'AppendToStringBuilder', 'FileEagerFlush', 'FileLazyFlush', 'AddToList', 'AddDuplicatesToSet', 'AddUniqueToSet', 'PocTryFinallyIncrementInt']",2026-07-03 10:40:05,fe09cc8cc0451dca8e066defbb9c3928c0f368fd,BSC_IOA,Dell Inc.,Precision 5570,False,Microsoft Windows 11 Enterprise 10.0.26200,64-bit,26200,W. Europe Standard Time,lian.hoerschlaeger,1.38.0,Dell Inc.,Unknown,Unknown,12th Gen Intel(R) Core(TM) i7-12800H,14,20,2400,31.68,20.87,2,4800,80AD000080AD,HMCG78MEBSA092N,16.0 + 16.0,Micron 3400 NVMe 1024GB,953.86,Fixed hard disk media,SCSI,858.33,Not available,Not available,249,True,True,3.12.10,21.0.9,v25.9.0,Gradle 9.0.0,Kotlin:        2.2.0
137655.452,134151.0,10591.093677464822,128661.0,180470.0,136342.5664258265,138968.3375741735,commonmain-ioa-kind-addtolist-node,3750.0,250,True,500,local,True,True,True,True,True,"['None', 'TryFinally', 'TimeClock', 'TimeMonotonicFunction', 'TimeMonotonicFunctionInWholeMilliseconds', 'TimeMonotonicFunctionInWholeMicroseconds', 'TimeMonotonicFunctionInWholeNanoseconds', 'TimeMonotonicGlobal', 'TimeMonotonicGlobalInWholeMilliseconds', 'TimeMonotonicGlobalInWholeMicroseconds', 'TimeMonotonicGlobalInWholeNanoseconds', 'TimeMonotonicGlobalReducedObjects', 'IncrementIntCounter', 'IncrementAtomicIntCounter', 'RandomValue', 'StandardOut', 'AppendToStringBuilder', 'FileEagerFlush', 'FileLazyFlush', 'AddToList', 'AddDuplicatesToSet', 'AddUniqueToSet', 'PocTryFinallyIncrementInt']",2026-07-03 10:40:05,fe09cc8cc0451dca8e066defbb9c3928c0f368fd,BSC_IOA,Dell Inc.,Precision 5570,False,Microsoft Windows 11 Enterprise 10.0.26200,64-bit,26200,W. Europe Standard Time,lian.hoerschlaeger,1.38.0,Dell Inc.,Unknown,Unknown,12th Gen Intel(R) Core(TM) i7-12800H,14,20,2400,31.68,20.87,2,4800,80AD000080AD,HMCG78MEBSA092N,16.0 + 16.0,Micron 3400 NVMe 1024GB,953.86,Fixed hard disk media,SCSI,858.33,Not available,Not available,249,True,True,3.12.10,21.0.9,v25.9.0,Gradle 9.0.0,Kotlin:        2.2.0
245440.864,244910.0,5315.307543938601,234575.0,262619.0,244781.97165051763,246099.75634948237,commonmain-ioa-kind-addtolist-win-exe,16358.999999999924,250,True,500,local,True,True,True,True,True,"['None', 'TryFinally', 'TimeClock', 'TimeMonotonicFunction', 'TimeMonotonicFunctionInWholeMilliseconds', 'TimeMonotonicFunctionInWholeMicroseconds', 'TimeMonotonicFunctionInWholeNanoseconds', 'TimeMonotonicGlobal', 'TimeMonotonicGlobalInWholeMilliseconds', 'TimeMonotonicGlobalInWholeMicroseconds', 'TimeMonotonicGlobalInWholeNanoseconds', 'TimeMonotonicGlobalReducedObjects', 'IncrementIntCounter', 'IncrementAtomicIntCounter', 'RandomValue', 'StandardOut', 'AppendToStringBuilder', 'FileEagerFlush', 'FileLazyFlush', 'AddToList', 'AddDuplicatesToSet', 'AddUniqueToSet', 'PocTryFinallyIncrementInt']",2026-07-03 10:40:05,fe09cc8cc0451dca8e066defbb9c3928c0f368fd,BSC_IOA,Dell Inc.,Precision 5570,False,Microsoft Windows 11 Enterprise 10.0.26200,64-bit,26200,W. Europe Standard Time,lian.hoerschlaeger,1.38.0,Dell Inc.,Unknown,Unknown,12th Gen Intel(R) Core(TM) i7-12800H,14,20,2400,31.68,20.87,2,4800,80AD000080AD,HMCG78MEBSA092N,16.0 + 16.0,Micron 3400 NVMe 1024GB,953.86,Fixed hard disk media,SCSI,858.33,Not available,Not available,249,True,True,3.12.10,21.0.9,v25.9.0,Gradle 9.0.0,Kotlin:        2.2.0
124876.38,125017.5,4362.280706171687,107305.0,139173.0,124335.6260812792,125417.1339187208,commonmain-ioa-kind-addduplicatestoset-jar,3264.9999999998727,250,True,500,local,True,True,True,True,True,"['None', 'TryFinally', 'TimeClock', 'TimeMonotonicFunction', 'TimeMonotonicFunctionInWholeMilliseconds', 'TimeMonotonicFunctionInWholeMicroseconds', 'TimeMonotonicFunctionInWholeNanoseconds', 'TimeMonotonicGlobal', 'TimeMonotonicGlobalInWholeMilliseconds', 'TimeMonotonicGlobalInWholeMicroseconds', 'TimeMonotonicGlobalInWholeNanoseconds', 'TimeMonotonicGlobalReducedObjects', 'IncrementIntCounter', 'IncrementAtomicIntCounter', 'RandomValue', 'StandardOut', 'AppendToStringBuilder', 'FileEagerFlush', 'FileLazyFlush', 'AddToList', 'AddDuplicatesToSet', 'AddUniqueToSet', 'PocTryFinallyIncrementInt']",2026-07-03 10:40:05,fe09cc8cc0451dca8e066defbb9c3928c0f368fd,BSC_IOA,Dell Inc.,Precision 5570,False,Microsoft Windows 11 Enterprise 10.0.26200,64-bit,26200,W. Europe Standard Time,lian.hoerschlaeger,1.38.0,Dell Inc.,Unknown,Unknown,12th Gen Intel(R) Core(TM) i7-12800H,14,20,2400,31.68,20.87,2,4800,80AD000080AD,HMCG78MEBSA092N,16.0 + 16.0,Micron 3400 NVMe 1024GB,953.86,Fixed hard disk media,SCSI,858.33,Not available,Not available,249,True,True,3.12.10,21.0.9,v25.9.0,Gradle 9.0.0,Kotlin:        2.2.0
145097.1,136846.5,13477.32178572821,127124.0,175859.0,143426.43388280517,146767.76611719484,commonmain-ioa-kind-addduplicatestoset-node,3844.000000000051,250,True,500,local,True,True,True,True,True,"['None', 'TryFinally', 'TimeClock', 'TimeMonotonicFunction', 'TimeMonotonicFunctionInWholeMilliseconds', 'TimeMonotonicFunctionInWholeMicroseconds', 'TimeMonotonicFunctionInWholeNanoseconds', 'TimeMonotonicGlobal', 'TimeMonotonicGlobalInWholeMilliseconds', 'TimeMonotonicGlobalInWholeMicroseconds', 'TimeMonotonicGlobalInWholeNanoseconds', 'TimeMonotonicGlobalReducedObjects', 'IncrementIntCounter', 'IncrementAtomicIntCounter', 'RandomValue', 'StandardOut', 'AppendToStringBuilder', 'FileEagerFlush', 'FileLazyFlush', 'AddToList', 'AddDuplicatesToSet', 'AddUniqueToSet', 'PocTryFinallyIncrementInt']",2026-07-03 10:40:05,fe09cc8cc0451dca8e066defbb9c3928c0f368fd,BSC_IOA,Dell Inc.,Precision 5570,False,Microsoft Windows 11 Enterprise 10.0.26200,64-bit,26200,W. Europe Standard Time,lian.hoerschlaeger,1.38.0,Dell Inc.,Unknown,Unknown,12th Gen Intel(R) Core(TM) i7-12800H,14,20,2400,31.68,20.87,2,4800,80AD000080AD,HMCG78MEBSA092N,16.0 + 16.0,Micron 3400 NVMe 1024GB,953.86,Fixed hard disk media,SCSI,858.33,Not available,Not available,249,True,True,3.12.10,21.0.9,v25.9.0,Gradle 9.0.0,Kotlin:        2.2.0
184238.836,183043.5,4493.359594209604,176989.0,201860.0,183681.83337397623,184795.8386260238,commonmain-ioa-kind-addduplicatestoset-win-exe,17172.000000000025,250,True,500,local,True,True,True,True,True,"['None', 'TryFinally', 'TimeClock', 'TimeMonotonicFunction', 'TimeMonotonicFunctionInWholeMilliseconds', 'TimeMonotonicFunctionInWholeMicroseconds', 'TimeMonotonicFunctionInWholeNanoseconds', 'TimeMonotonicGlobal', 'TimeMonotonicGlobalInWholeMilliseconds', 'TimeMonotonicGlobalInWholeMicroseconds', 'TimeMonotonicGlobalInWholeNanoseconds', 'TimeMonotonicGlobalReducedObjects', 'IncrementIntCounter', 'IncrementAtomicIntCounter', 'RandomValue', 'StandardOut', 'AppendToStringBuilder', 'FileEagerFlush', 'FileLazyFlush', 'AddToList', 'AddDuplicatesToSet', 'AddUniqueToSet', 'PocTryFinallyIncrementInt']",2026-07-03 10:40:05,fe09cc8cc0451dca8e066defbb9c3928c0f368fd,BSC_IOA,Dell Inc.,Precision 5570,False,Microsoft Windows 11 Enterprise 10.0.26200,64-bit,26200,W. Europe Standard Time,lian.hoerschlaeger,1.38.0,Dell Inc.,Unknown,Unknown,12th Gen Intel(R) Core(TM) i7-12800H,14,20,2400,31.68,20.87,2,4800,80AD000080AD,HMCG78MEBSA092N,16.0 + 16.0,Micron 3400 NVMe 1024GB,953.86,Fixed hard disk media,SCSI,858.33,Not available,Not available,249,True,True,3.12.10,21.0.9,v25.9.0,Gradle 9.0.0,Kotlin:        2.2.0
220571.292,219762.0,8630.242773878399,205082.0,287016.0,219501.4760221139,221641.10797788607,commonmain-ioa-kind-adduniquetoset-jar,3875.0,250,True,500,local,True,True,True,True,True,"['None', 'TryFinally', 'TimeClock', 'TimeMonotonicFunction', 'TimeMonotonicFunctionInWholeMilliseconds', 'TimeMonotonicFunctionInWholeMicroseconds', 'TimeMonotonicFunctionInWholeNanoseconds', 'TimeMonotonicGlobal', 'TimeMonotonicGlobalInWholeMilliseconds', 'TimeMonotonicGlobalInWholeMicroseconds', 'TimeMonotonicGlobalInWholeNanoseconds', 'TimeMonotonicGlobalReducedObjects', 'IncrementIntCounter', 'IncrementAtomicIntCounter', 'RandomValue', 'StandardOut', 'AppendToStringBuilder', 'FileEagerFlush', 'FileLazyFlush', 'AddToList', 'AddDuplicatesToSet', 'AddUniqueToSet', 'PocTryFinallyIncrementInt']",2026-07-03 10:40:05,fe09cc8cc0451dca8e066defbb9c3928c0f368fd,BSC_IOA,Dell Inc.,Precision 5570,False,Microsoft Windows 11 Enterprise 10.0.26200,64-bit,26200,W. Europe Standard Time,lian.hoerschlaeger,1.38.0,Dell Inc.,Unknown,Unknown,12th Gen Intel(R) Core(TM) i7-12800H,14,20,2400,31.68,20.87,2,4800,80AD000080AD,HMCG78MEBSA092N,16.0 + 16.0,Micron 3400 NVMe 1024GB,953.86,Fixed hard disk media,SCSI,858.33,Not available,Not available,249,True,True,3.12.10,21.0.9,v25.9.0,Gradle 9.0.0,Kotlin:        2.2.0
375808.956,370877.0,17727.740174790568,355447.0,484885.0,373611.40256057563,378006.5094394244,commonmain-ioa-kind-adduniquetoset-node,4889.999999999873,250,True,500,local,True,True,True,True,True,"['None', 'TryFinally', 'TimeClock', 'TimeMonotonicFunction', 'TimeMonotonicFunctionInWholeMilliseconds', 'TimeMonotonicFunctionInWholeMicroseconds', 'TimeMonotonicFunctionInWholeNanoseconds', 'TimeMonotonicGlobal', 'TimeMonotonicGlobalInWholeMilliseconds', 'TimeMonotonicGlobalInWholeMicroseconds', 'TimeMonotonicGlobalInWholeNanoseconds', 'TimeMonotonicGlobalReducedObjects', 'IncrementIntCounter', 'IncrementAtomicIntCounter', 'RandomValue', 'StandardOut', 'AppendToStringBuilder', 'FileEagerFlush', 'FileLazyFlush', 'AddToList', 'AddDuplicatesToSet', 'AddUniqueToSet', 'PocTryFinallyIncrementInt']",2026-07-03 10:40:05,fe09cc8cc0451dca8e066defbb9c3928c0f368fd,BSC_IOA,Dell Inc.,Precision 5570,False,Microsoft Windows 11 Enterprise 10.0.26200,64-bit,26200,W. Europe Standard Time,lian.hoerschlaeger,1.38.0,Dell Inc.,Unknown,Unknown,12th Gen Intel(R) Core(TM) i7-12800H,14,20,2400,31.68,20.87,2,4800,80AD000080AD,HMCG78MEBSA092N,16.0 + 16.0,Micron 3400 NVMe 1024GB,953.86,Fixed hard disk media,SCSI,858.33,Not available,Not available,249,True,True,3.12.10,21.0.9,v25.9.0,Gradle 9.0.0,Kotlin:        2.2.0
426349.108,424032.0,13832.237673658528,404054.0,513212.0,424634.4460535265,428063.76994647353,commonmain-ioa-kind-adduniquetoset-win-exe,18500.0,250,True,500,local,True,True,True,True,True,"['None', 'TryFinally', 'TimeClock', 'TimeMonotonicFunction', 'TimeMonotonicFunctionInWholeMilliseconds', 'TimeMonotonicFunctionInWholeMicroseconds', 'TimeMonotonicFunctionInWholeNanoseconds', 'TimeMonotonicGlobal', 'TimeMonotonicGlobalInWholeMilliseconds', 'TimeMonotonicGlobalInWholeMicroseconds', 'TimeMonotonicGlobalInWholeNanoseconds', 'TimeMonotonicGlobalReducedObjects', 'IncrementIntCounter', 'IncrementAtomicIntCounter', 'RandomValue', 'StandardOut', 'AppendToStringBuilder', 'FileEagerFlush', 'FileLazyFlush', 'AddToList', 'AddDuplicatesToSet', 'AddUniqueToSet', 'PocTryFinallyIncrementInt']",2026-07-03 10:40:05,fe09cc8cc0451dca8e066defbb9c3928c0f368fd,BSC_IOA,Dell Inc.,Precision 5570,False,Microsoft Windows 11 Enterprise 10.0.26200,64-bit,26200,W. Europe Standard Time,lian.hoerschlaeger,1.38.0,Dell Inc.,Unknown,Unknown,12th Gen Intel(R) Core(TM) i7-12800H,14,20,2400,31.68,20.87,2,4800,80AD000080AD,HMCG78MEBSA092N,16.0 + 16.0,Micron 3400 NVMe 1024GB,953.86,Fixed hard disk media,SCSI,858.33,Not available,Not available,249,True,True,3.12.10,21.0.9,v25.9.0,Gradle 9.0.0,Kotlin:        2.2.0
94708.272,94615.0,3240.722119131741,87104.0,105518.0,94306.54792412237,95109.99607587763,commonmain-ioa-kind-poctryfinallyincrementint-jar,3577.9999999999745,250,True,500,local,True,True,True,True,True,"['None', 'TryFinally', 'TimeClock', 'TimeMonotonicFunction', 'TimeMonotonicFunctionInWholeMilliseconds', 'TimeMonotonicFunctionInWholeMicroseconds', 'TimeMonotonicFunctionInWholeNanoseconds', 'TimeMonotonicGlobal', 'TimeMonotonicGlobalInWholeMilliseconds', 'TimeMonotonicGlobalInWholeMicroseconds', 'TimeMonotonicGlobalInWholeNanoseconds', 'TimeMonotonicGlobalReducedObjects', 'IncrementIntCounter', 'IncrementAtomicIntCounter', 'RandomValue', 'StandardOut', 'AppendToStringBuilder', 'FileEagerFlush', 'FileLazyFlush', 'AddToList', 'AddDuplicatesToSet', 'AddUniqueToSet', 'PocTryFinallyIncrementInt']",2026-07-03 10:40:05,fe09cc8cc0451dca8e066defbb9c3928c0f368fd,BSC_IOA,Dell Inc.,Precision 5570,False,Microsoft Windows 11 Enterprise 10.0.26200,64-bit,26200,W. Europe Standard Time,lian.hoerschlaeger,1.38.0,Dell Inc.,Unknown,Unknown,12th Gen Intel(R) Core(TM) i7-12800H,14,20,2400,31.68,20.87,2,4800,80AD000080AD,HMCG78MEBSA092N,16.0 + 16.0,Micron 3400 NVMe 1024GB,953.86,Fixed hard disk media,SCSI,858.33,Not available,Not available,249,True,True,3.12.10,21.0.9,v25.9.0,Gradle 9.0.0,Kotlin:        2.2.0
115623.26,127370.0,16355.940995239589,93488.0,139483.0,113595.75654864509,117650.7634513549,commonmain-ioa-kind-poctryfinallyincrementint-node,4375.0,250,True,500,local,True,True,True,True,True,"['None', 'TryFinally', 'TimeClock', 'TimeMonotonicFunction', 'TimeMonotonicFunctionInWholeMilliseconds', 'TimeMonotonicFunctionInWholeMicroseconds', 'TimeMonotonicFunctionInWholeNanoseconds', 'TimeMonotonicGlobal', 'TimeMonotonicGlobalInWholeMilliseconds', 'TimeMonotonicGlobalInWholeMicroseconds', 'TimeMonotonicGlobalInWholeNanoseconds', 'TimeMonotonicGlobalReducedObjects', 'IncrementIntCounter', 'IncrementAtomicIntCounter', 'RandomValue', 'StandardOut', 'AppendToStringBuilder', 'FileEagerFlush', 'FileLazyFlush', 'AddToList', 'AddDuplicatesToSet', 'AddUniqueToSet', 'PocTryFinallyIncrementInt']",2026-07-03 10:40:05,fe09cc8cc0451dca8e066defbb9c3928c0f368fd,BSC_IOA,Dell Inc.,Precision 5570,False,Microsoft Windows 11 Enterprise 10.0.26200,64-bit,26200,W. Europe Standard Time,lian.hoerschlaeger,1.38.0,Dell Inc.,Unknown,Unknown,12th Gen Intel(R) Core(TM) i7-12800H,14,20,2400,31.68,20.87,2,4800,80AD000080AD,HMCG78MEBSA092N,16.0 + 16.0,Micron 3400 NVMe 1024GB,953.86,Fixed hard disk media,SCSI,858.33,Not available,Not available,249,True,True,3.12.10,21.0.9,v25.9.0,Gradle 9.0.0,Kotlin:        2.2.0
150875.4,149508.5,4263.444045901168,145011.0,170678.0,150346.89800062013,151403.90199937986,commonmain-ioa-kind-poctryfinallyincrementint-win-exe,16827.999999999975,250,True,500,local,True,True,True,True,True,"['None', 'TryFinally', 'TimeClock', 'TimeMonotonicFunction', 'TimeMonotonicFunctionInWholeMilliseconds', 'TimeMonotonicFunctionInWholeMicroseconds', 'TimeMonotonicFunctionInWholeNanoseconds', 'TimeMonotonicGlobal', 'TimeMonotonicGlobalInWholeMilliseconds', 'TimeMonotonicGlobalInWholeMicroseconds', 'TimeMonotonicGlobalInWholeNanoseconds', 'TimeMonotonicGlobalReducedObjects', 'IncrementIntCounter', 'IncrementAtomicIntCounter', 'RandomValue', 'StandardOut', 'AppendToStringBuilder', 'FileEagerFlush', 'FileLazyFlush', 'AddToList', 'AddDuplicatesToSet', 'AddUniqueToSet', 'PocTryFinallyIncrementInt']",2026-07-03 10:40:05,fe09cc8cc0451dca8e066defbb9c3928c0f368fd,BSC_IOA,Dell Inc.,Precision 5570,False,Microsoft Windows 11 Enterprise 10.0.26200,64-bit,26200,W. Europe Standard Time,lian.hoerschlaeger,1.38.0,Dell Inc.,Unknown,Unknown,12th Gen Intel(R) Core(TM) i7-12800H,14,20,2400,31.68,20.87,2,4800,80AD000080AD,HMCG78MEBSA092N,16.0 + 16.0,Micron 3400 NVMe 1024GB,953.86,Fixed hard disk media,SCSI,858.33,Not available,Not available,249,True,True,3.12.10,21.0.9,v25.9.0,Gradle 9.0.0,Kotlin:        2.2.0
